timestamp,basefee_wei,basefee_gwei,block_number
2025-11-22 19:00:00,75000000,0.075,23856300
2025-11-22 19:00:10,75442104,0.07544210498342518,23856301
2025-11-22 19:00:20,75883202,0.07588320261994069,23856302
2025-11-22 19:00:30,76322288,0.07632228889442771,23856303
2025-11-22 19:00:40,76758366,0.0767583664440858,23856304
2025-11-22 19:00:50,77190447,0.07719044785647186,23856305
2025-11-22 19:01:00,77617558,0.07761755893390133,23856306
2025-11-22 19:01:10,78038741,0.07803874191317661,23856307
2025-11-22 19:01:20,78453058,0.078453058629758,23856308
2025-11-22 19:01:30,78859593,0.07885959361568147,23856309
2025-11-22 19:01:40,79257457,0.079257457120751,23856310
2025-11-22 19:01:50,79645788,0.07964578804679322,23856311
2025-11-22 19:02:00,80023756,0.0800237567850559,23856312
2025-11-22 19:02:10,80390567,0.08039056794715999,23856313
2025-11-22 19:02:20,80745462,0.08074546298037467,23856314
2025-11-22 19:02:30,81087722,0.08108772265837663,23856315
2025-11-22 19:02:40,81416669,0.08141666943907556,23856316
2025-11-22 19:02:50,81731669,0.08173166968153861,23856317
2025-11-22 19:03:00,82032135,0.08203213571452192,23856318
2025-11-22 19:03:10,82317527,0.08231752774962081,23856319
2025-11-22 19:03:20,82587355,0.08258735563257501,23856320
2025-11-22 19:03:30,82841180,0.08284118042681345,23856321
2025-11-22 19:03:40,83078615,0.0830786158238902,23856322
2025-11-22 19:03:50,83299329,0.08329932937604974,23856323
2025-11-22 19:04:00,83503043,0.08350304354676046,23856324
2025-11-22 19:04:10,83689536,0.08368953657567237,23856325
2025-11-22 19:04:20,83858643,0.08385864315508172,23856326
2025-11-22 19:04:30,84010254,0.08401025491562421,23856327
2025-11-22 19:04:40,84144320,0.08414432071956277,23856328
2025-11-22 19:04:50,84260846,0.08426084676068779,23856329
2025-11-22 19:05:00,84359896,0.08435989647050161,23856330
2025-11-22 19:05:10,84441590,0.08444159023101455,23856331
2025-11-22 19:05:20,84506104,0.08450610489513398,23856332
2025-11-22 19:05:30,84553673,0.08455367311627934,23856333
2025-11-22 19:05:40,84584582,0.08458458248950106,23856334
2025-11-22 19:05:50,84599174,0.08459917450701922,23856335
2025-11-22 19:06:00,84597843,0.08459784333172585,23856336
2025-11-22 19:06:10,84581034,0.08458103439281046,23856337
2025-11-22 19:06:20,84549242,0.0845492428082704,23856338
2025-11-22 19:06:30,84503011,0.08450301163965326,23856339
2025-11-22 19:06:40,84442929,0.08444292998494624,23856340
2025-11-22 19:06:50,84369630,0.08436963091607477,23856341
2025-11-22 19:07:00,84283789,0.08428378926799884,23856342
2025-11-22 19:07:10,84186119,0.08418611928689726,23856343
2025-11-22 19:07:20,84077372,0.08407737214540682,23856344
2025-11-22 19:07:30,83958333,0.08395833333333333,23856345
2025-11-22 19:07:40,83829819,0.08382981993267263,23856346
2025-11-22 19:07:50,83692677,0.08369267778617105,23856347
2025-11-22 19:08:00,83547778,0.08354777856901531,23856348
2025-11-22 19:08:10,83396016,0.08339601677356888,23856349
2025-11-22 19:08:20,83238306,0.08323830661736688,23856350
2025-11-22 19:08:30,83075578,0.08307557888484028,23856351
2025-11-22 19:08:40,82908777,0.0829087777134652,23856352
2025-11-22 19:08:50,82738857,0.08273885733522032,23856353
2025-11-22 19:09:00,82566778,0.08256677878438709,23856354
2025-11-22 19:09:10,82393506,0.08239350658284127,23856355
2025-11-22 19:09:20,82220005,0.08222000541405976,23856356
2025-11-22 19:09:30,82047236,0.08204723679710578,23856357
2025-11-22 19:09:40,81876155,0.08187615577185461,23856358
2025-11-22 19:09:50,81707707,0.08170770760668446,23856359
2025-11-22 19:10:00,81542824,0.08154282453978086,23856360
2025-11-22 19:10:10,81382422,0.08138242256508901,23856361
2025-11-22 19:10:20,81227398,0.0812273982737976,23856362
2025-11-22 19:10:30,81078625,0.08107862576204952,23856363
2025-11-22 19:10:40,80936953,0.08093695361535046,23856364
2025-11-22 19:10:50,80803201,0.08080320197988743,23856365
2025-11-22 19:11:00,80678159,0.08067815973067448,23856366
2025-11-22 19:11:10,80562581,0.08056258174611533,23856367
2025-11-22 19:11:20,80457186,0.08045718629821273,23856368
2025-11-22 19:11:30,80362652,0.08036265256726266,23856369
2025-11-22 19:11:40,80279618,0.08027961828945014,23856370
2025-11-22 19:11:50,80208677,0.08020867754531423,23856371
2025-11-22 19:12:00,80150378,0.08015037869657206,23856372
2025-11-22 19:12:10,80105222,0.0801052224782906,23856373
2025-11-22 19:12:20,80073660,0.0800736602528687,23856374
2025-11-22 19:12:30,80056092,0.08005609243174401,23856375
2025-11-22 19:12:40,80052867,0.08005286707017276,23856376
2025-11-22 19:12:50,80064278,0.08006427863984336,23856377
2025-11-22 19:13:00,80090566,0.08009056698348423,23856378
2025-11-22 19:13:10,80131916,0.08013191645500929,23856379
2025-11-22 19:13:20,80188455,0.08018845524811745,23856380
2025-11-22 19:13:30,80260254,0.0802602549156242,23856381
2025-11-22 19:13:40,80347330,0.08034733008115809,23856382
2025-11-22 19:13:50,80449638,0.08044963834420392,23856383
2025-11-22 19:14:00,80567080,0.08056708037882013,23856384
2025-11-22 19:14:10,80699500,0.08069950022570234,23856385
2025-11-22 19:14:20,80846685,0.08084668577661068,23856386
2025-11-22 19:14:30,81008369,0.08100836944952795,23856387
2025-11-22 19:14:40,81184229,0.08118422905226948,23856388
2025-11-22 19:14:50,81373888,0.08137388883162823,23856389
2025-11-22 19:15:00,81576920,0.08157692070451103,23856390
2025-11-22 19:15:10,81792845,0.08179284566690527,23856391
2025-11-22 19:15:20,82021135,0.08202113537591386,23856392
2025-11-22 19:15:30,82261213,0.08226121389951122,23856393
2025-11-22 19:15:40,82512459,0.08251245962810388,23856394
2025-11-22 19:15:50,82774207,0.08277420734143343,23856395
2025-11-22 19:16:00,83045750,0.08304575042383258,23856396
2025-11-22 19:16:10,83326343,0.0833263432203435,23856397
2025-11-22 19:16:20,83615203,0.08361520352573092,23856398
2025-11-22 19:16:30,83911515,0.08391151519797234,23856399
2025-11-22 19:16:40,84214430,0.08421443088738699,23856400
2025-11-22 19:16:50,84523074,0.08452307487217289,23856401
2025-11-22 19:17:00,84836545,0.08483654599076236,23856402
2025-11-22 19:17:10,85153920,0.08515392066107741,23856403
2025-11-22 19:17:20,85474255,0.08547425597647336,23856404
2025-11-22 19:17:30,85796592,0.08579659286789841,23856405
2025-11-22 19:17:40,86119959,0.08611995932157389,23856406
2025-11-22 19:17:50,86443373,0.0864433736413107,23856407
2025-11-22 19:18:00,86765847,0.0867658477444273,23856408
2025-11-22 19:18:10,87086390,0.08708639048012021,23856409
2025-11-22 19:18:20,87404010,0.08740401095906218,23856410
2025-11-22 19:18:30,87717721,0.08771772188296498,23856411
2025-11-22 19:18:40,88026542,0.08802654286284368,23856412
2025-11-22 19:18:50,88329503,0.08832950371475767,23856413
2025-11-22 19:19:00,88625647,0.0886256477218794,23856414
2025-11-22 19:19:10,88914034,0.0889140348518561,23856415
2025-11-22 19:19:20,89193744,0.08919374491858034,23856416
2025-11-22 19:19:30,89463880,0.08946388067767376,23856417
2025-11-22 19:19:40,89723570,0.08972357084521224,23856418
2025-11-22 19:19:50,89971973,0.0899719730294805,23856419
2025-11-22 19:20:00,90208276,0.09020827656583803,23856420
2025-11-22 19:20:10,90431705,0.09043170524510642,23856421
2025-11-22 19:20:20,90641519,0.09064151992624783,23856422
2025-11-22 19:20:30,90837021,0.09083702102449621,23856423
2025-11-22 19:20:40,91017550,0.09101755086652377,23856424
2025-11-22 19:20:50,91182495,0.0911824959046753,23856425
2025-11-22 19:21:00,91331288,0.09133128878277963,23856426
2025-11-22 19:21:10,91463410,0.0914634102465493,23856427
2025-11-22 19:21:20,91578390,0.091578390892106,23856428
2025-11-22 19:21:30,91675812,0.0916758127467158,23856429
2025-11-22 19:21:40,91755310,0.0917553106763872,23856430
2025-11-22 19:21:50,91816573,0.09181657361556957,23856431
2025-11-22 19:22:00,91859345,0.0918593456147919,23856432
2025-11-22 19:22:10,91883426,0.09188342670269793,23856433
2025-11-22 19:22:20,91888673,0.09188867355956092,23856434
2025-11-22 19:22:30,91875000,0.091875,23856435
2025-11-22 19:22:40,91842377,0.09184237726326462,23856436
2025-11-22 19:22:50,91790834,0.09179083411010534,23856437
2025-11-22 19:23:00,91720456,0.09172045672590304,23856438
2025-11-22 19:23:10,91631388,0.09163138843038439,23856439
2025-11-22 19:23:20,91523829,0.09152382919490572,23856440
2025-11-22 19:23:30,91398034,0.09139803496893802,23856441
2025-11-22 19:23:40,91254316,0.09125431681803192,23856442
2025-11-22 19:23:50,91093039,0.09109303987617895,23856443
2025-11-22 19:24:00,90914622,0.09091462211611297,23856444
2025-11-22 19:24:10,90719532,0.09071953294171232,23856445
2025-11-22 19:24:20,90508291,0.09050829160726451,23856446
2025-11-22 19:24:30,90281465,0.09028146546894067,23856447
2025-11-22 19:24:40,90039668,0.09003966807439598,23856448
2025-11-22 19:24:50,89783557,0.08978355709695827,23856449
2025-11-22 19:25:00,89513832,0.08951383212139359,23856450
2025-11-22 19:25:10,89231232,0.08923123228873976,23856451
2025-11-22 19:25:20,88936533,0.0889365338081752,23856452
2025-11-22 19:25:30,88630547,0.08863054734434042,23856453
2025-11-22 19:25:40,88314115,0.0883141152889507,23856454
2025-11-22 19:25:50,87988108,0.08798810892593019,23856455
2025-11-22 19:26:00,87653425,0.08765342549965718,23856456
2025-11-22 19:26:10,87310985,0.08731098519623916,23856457
2025-11-22 19:26:20,86961728,0.08696172804802889,23856458
2025-11-22 19:26:30,86606610,0.08660661077185386,23856459
2025-11-22 19:26:40,86246603,0.08624660355165478,23856460
2025-11-22 19:26:50,85882686,0.0858826867764165,23856461
2025-11-22 19:27:00,85515847,0.0855158477444273,23856462
2025-11-22 19:27:10,85147077,0.08514707734501441,23856463
2025-11-22 19:27:20,84777366,0.08477736672898131,23856464
2025-11-22 19:27:30,84407703,0.08440770397900953,23856465
2025-11-22 19:27:40,84039070,0.08403907079128818,23856466
2025-11-22 19:27:50,83672439,0.08367243917959595,23856467
2025-11-22 19:28:00,83308768,0.08330876821298458,23856468
2025-11-22 19:28:10,82949000,0.08294900079809882,23856469
2025-11-22 19:28:20,82594060,0.08259406051701661,23856470
2025-11-22 19:28:30,82244848,0.08224484853130568,23856471
2025-11-22 19:28:40,81902240,0.08190224056276794,23856472
2025-11-22 19:28:50,81567083,0.08156708396108425,23856473
2025-11-22 19:29:00,81240194,0.08124019486827702,23856474
2025-11-22 19:29:10,80922355,0.08092235548958158,23856475
2025-11-22 19:29:20,80614311,0.08061431147995574,23856476
2025-11-22 19:29:30,80316769,0.0803167694550668,23856477
2025-11-22 19:29:40,80030394,0.08003039463517315,23856478
2025-11-22 19:29:50,79755808,0.07975580862986824,23856479
2025-11-22 19:30:00,79493587,0.07949358737117773,23856480
2025-11-22 19:30:10,79244259,0.0792442592019986,23856481
2025-11-22 19:30:20,79008303,0.07900830312634355,23856482
2025-11-22 19:30:30,78786147,0.07878614722730573,23856483
2025-11-22 19:30:40,78578167,0.07857816725809216,23856484
2025-11-22 19:30:50,78384685,0.07838468541088753,23856485
2025-11-22 19:31:00,78205969,0.07820596926770904,23856486
2025-11-22 19:31:10,78042230,0.0780422309367965,23856487
2025-11-22 19:31:20,77893626,0.07789362637745438,23856488
2025-11-22 19:31:30,77760254,0.0777602549156242,23856489
2025-11-22 19:31:40,77642158,0.07764215895182117,23856490
2025-11-22 19:31:50,77539323,0.0775393238624167,23856491
2025-11-22 19:32:00,77451678,0.07745167809459536,23856492
2025-11-22 19:32:10,77379093,0.07737909345465818,23856493
2025-11-22 19:32:20,77321385,0.07732138558869128,23856494
2025-11-22 19:32:30,77278314,0.07727831465396623,23856495
2025-11-22 19:32:40,77249586,0.07724958617879463,23856496
2025-11-22 19:32:50,77234852,0.07723485210792023,23856497
2025-11-22 19:33:00,77233712,0.07723371202990538,23856498
2025-11-22 19:33:10,77245714,0.07724571458235127,23856499
2025-11-22 19:33:20,77270359,0.07727035903019087,23856500
2025-11-22 19:33:30,77307097,0.0773070970117071,23856501
2025-11-22 19:33:40,77355334,0.07735533444636089,23856502
2025-11-22 19:33:50,77414433,0.07741443359796718,23856503
2025-11-22 19:34:00,77483715,0.07748371528623003,23856504
2025-11-22 19:34:10,77562461,0.07756246123914669,23856505
2025-11-22 19:34:20,77649916,0.07764991657831344,23856506
2025-11-22 19:34:30,77745292,0.0777452924287162,23856507
2025-11-22 19:34:40,77847768,0.077847768644168,23856508
2025-11-22 19:34:50,77956496,0.07795649663916307,23856509
2025-11-22 19:35:00,78070602,0.07807060231755863,23856510
2025-11-22 19:35:10,78189189,0.07818918908816594,23856511
2025-11-22 19:35:20,78311340,0.0783113409570398,23856512
2025-11-22 19:35:30,78436125,0.07843612568599466,23856513
2025-11-22 19:35:40,78562598,0.07856259800665234,23856514
2025-11-22 19:35:50,78689802,0.07868980287913756,23856515
2025-11-22 19:36:00,78816778,0.07881677878438709,23856516
2025-11-22 19:36:10,78942561,0.07894256103892403,23856517
2025-11-22 19:36:20,79066185,0.07906618512087261,23856518
2025-11-22 19:36:30,79186689,0.07918668999595141,23856519
2025-11-22 19:36:40,79303121,0.0793031214321817,23856520
2025-11-22 19:36:50,79414535,0.0794145352920874,23856521
2025-11-22 19:37:00,79520000,0.07952000079123753,23856522
2025-11-22 19:37:10,79618603,0.07961860371209697,23856523
2025-11-22 19:37:20,79709449,0.07970944956230225,23856524
2025-11-22 19:37:30,79791666,0.07979166666666666,23856525
2025-11-22 19:37:40,79864409,0.07986440918244386,23856526
2025-11-22 19:37:50,79926860,0.079926860027638,23856527
2025-11-22 19:38:00,79978233,0.07997823371244328,23856528
2025-11-22 19:38:10,80017779,0.0800177790642229,23856529
2025-11-22 19:38:20,80044781,0.0800447818367981,23856530
2025-11-22 19:38:30,80058567,0.08005856719520882,23856531
2025-11-22 19:38:40,80058502,0.08005850206752967,23856532
2025-11-22 19:38:50,80043997,0.08004399735577343,23856533
2025-11-22 19:39:00,80014509,0.08001450999839253,23856534
2025-11-22 19:39:10,79969544,0.0799695448773896,23856535
2025-11-22 19:39:20,79908656,0.07990865656357513,23856536
2025-11-22 19:39:30,79831450,0.0798314508940571,23856537
2025-11-22 19:39:40,79737586,0.07973758637661545,23856538
2025-11-22 19:39:50,79626775,0.07962677541619974,23856539
2025-11-22 19:40:00,79498785,0.07949878535939052,23856540
2025-11-22 19:40:10,79353439,0.07935343935328038,23856541
2025-11-22 19:40:20,79190617,0.07919061701585907,23856542
2025-11-22 19:40:30,79010254,0.0790102549156242,23856543
2025-11-22 19:40:40,78812346,0.07881234685878542,23856544
2025-11-22 19:40:50,78596943,0.07859694398307977,23856545
2025-11-22 19:41:00,78364154,0.07836415465787158,23856546
2025-11-22 19:41:10,78114144,0.07811414419086457,23856547
2025-11-22 19:41:20,77847134,0.07784713434240872,23856548
2025-11-22 19:41:30,77563402,0.07756340264903568,23856549
2025-11-22 19:41:40,77263281,0.07726328155850093,23856550
2025-11-22 19:41:50,76947157,0.07694715737925044,23856551
2025-11-22 19:42:00,76615469,0.07661546904785524,23856552
2025-11-22 19:42:10,76268706,0.07626870671857565,23856553
2025-11-22 19:42:20,75907410,0.07590741017981631,23856554
2025-11-22 19:42:30,75532167,0.07553216710282108,23856555
2025-11-22 19:42:40,75143611,0.07514361112852282,23856556
2025-11-22 19:42:50,74742419,0.07474241979901183,23856557
2025-11-22 19:43:00,74329312,0.07432931234061145,23856558
2025-11-22 19:43:10,73905047,0.07390504730605248,23856559
2025-11-22 19:43:20,73470420,0.07347042008371396,23856560
2025-11-22 19:43:30,73026260,0.07302626028234814,23856561
2025-11-22 19:43:40,72573429,0.07257342900012839,23856562
2025-11-22 19:43:50,72112815,0.07211281598725071,23856563
2025-11-22 19:44:00,71645336,0.07164533671167912,23856564
2025-11-22 19:44:10,71171929,0.07117192933795333,23856565
2025-11-22 19:44:20,70693551,0.07069355162927099,23856566
2025-11-22 19:44:30,70211177,0.0702111777833166,23856567
2025-11-22 19:44:40,69725795,0.0697257952125333,23856568
2025-11-22 19:44:50,69238401,0.06923840127972147,23856569
2025-11-22 19:45:00,68749999,0.06874999999999999,23856570
2025-11-22 19:45:10,68261598,0.06826159872027851,23856571
2025-11-22 19:45:20,67774204,0.06777420478746671,23856572
2025-11-22 19:45:30,67288822,0.06728882221668339,23856573
2025-11-22 19:45:40,66806448,0.06680644837072901,23856574
2025-11-22 19:45:50,66328070,0.06632807066204666,23856575
2025-11-22 19:46:00,65854663,0.0658546632883209,23856576
2025-11-22 19:46:10,65387184,0.0653871840127493,23856577
2025-11-22 19:46:20,64926570,0.06492657099987162,23856578
2025-11-22 19:46:30,64473739,0.06447373971765187,23856579
2025-11-22 19:46:40,64029579,0.06402957991628604,23856580
2025-11-22 19:46:50,63594952,0.06359495269394753,23856581
2025-11-22 19:47:00,63170687,0.06317068765938853,23856582
2025-11-22 19:47:10,62757580,0.06275758020098818,23856583
2025-11-22 19:47:20,62356388,0.062356388871477174,23856584
2025-11-22 19:47:30,61967832,0.061967832897178915,23856585
2025-11-22 19:47:40,61592589,0.06159258982018369,23856586
2025-11-22 19:47:50,61231293,0.06123129328142434,23856587
2025-11-22 19:48:00,60884530,0.06088453095214476,23856588
2025-11-22 19:48:10,60552842,0.060552842620749565,23856589
2025-11-22 19:48:20,60236718,0.060236718441499054,23856590
2025-11-22 19:48:30,59936597,0.05993659735096434,23856591
2025-11-22 19:48:40,59652865,0.05965286565759127,23856592
2025-11-22 19:48:50,59385855,0.05938585580913545,23856593
2025-11-22 19:49:00,59135845,0.05913584534212842,23856594
2025-11-22 19:49:10,58903056,0.05890305601692024,23856595
2025-11-22 19:49:20,58687653,0.058687653141214574,23856596
2025-11-22 19:49:30,58489745,0.05848974508437577,23856597
2025-11-22 19:49:40,58309382,0.05830938298414093,23856598
2025-11-22 19:49:50,58146560,0.05814656064671961,23856599
2025-11-22 19:50:00,58001214,0.058001214640609484,23856600
2025-11-22 19:50:10,57873224,0.057873224583800245,23856601
2025-11-22 19:50:20,57762413,0.057762413623384544,23856602
2025-11-22 19:50:30,57668549,0.057668549105942886,23856603
2025-11-22 19:50:40,57591343,0.057591343436424865,23856604
2025-11-22 19:50:50,57530455,0.0575304551226104,23856605
2025-11-22 19:51:00,57485490,0.05748549000160747,23856606
2025-11-22 19:51:10,57456002,0.05745600264422657,23856607
2025-11-22 19:51:20,57441497,0.057441497932470345,23856608
2025-11-22 19:51:30,57441432,0.057441432804791165,23856609
2025-11-22 19:51:40,57455218,0.057455218163201885,23856610
2025-11-22 19:51:50,57482220,0.05748222093577708,23856611
2025-11-22 19:52:00,57521766,0.057521766287556717,23856612
2025-11-22 19:52:10,57573139,0.05757313997236199,23856613
2025-11-22 19:52:20,57635590,0.057635590817556134,23856614
2025-11-22 19:52:30,57708333,0.05770833333333333,23856615
2025-11-22 19:52:40,57790550,0.05779055043769774,23856616
2025-11-22 19:52:50,57881396,0.057881396287903016,23856617
2025-11-22 19:53:00,57979999,0.05797999920876247,23856618
2025-11-22 19:53:10,58085464,0.0580854647079126,23856619
2025-11-22 19:53:20,58196878,0.05819687856781831,23856620
2025-11-22 19:53:30,58313310,0.058313310004048595,23856621
2025-11-22 19:53:40,58433814,0.058433814879127376,23856622
2025-11-22 19:53:50,58557438,0.05855743896107597,23856623
2025-11-22 19:54:00,58683221,0.0586832212156129,23856624
2025-11-22 19:54:10,58810197,0.05881019712086244,23856625
2025-11-22 19:54:20,58937401,0.058937401993347655,23856626
2025-11-22 19:54:30,59063874,0.05906387431400531,23856627
2025-11-22 19:54:40,59188659,0.0591886590429602,23856628
2025-11-22 19:54:50,59310810,0.05931081091183406,23856629
2025-11-22 19:55:00,59429397,0.059429397682441355,23856630
2025-11-22 19:55:10,59543503,0.059543503360836914,23856631
2025-11-22 19:55:20,59652231,0.059652231355832,23856632
2025-11-22 19:55:30,59754707,0.05975470757128379,23856633
2025-11-22 19:55:40,59850083,0.05985008342168656,23856634
2025-11-22 19:55:50,59937538,0.059937538760853296,23856635
2025-11-22 19:56:00,60016284,0.06001628471376995,23856636
2025-11-22 19:56:10,60085566,0.06008556640203282,23856637
2025-11-22 19:56:20,60144665,0.060144665553639114,23856638
2025-11-22 19:56:30,60192902,0.06019290298829289,23856639
2025-11-22 19:56:40,60229640,0.06022964096980911,23856640
2025-11-22 19:56:50,60254285,0.060254285417648726,23856641
2025-11-22 19:57:00,60266287,0.060266287970094604,23856642
2025-11-22 19:57:10,60265147,0.060265147892079755,23856643
2025-11-22 19:57:20,60250413,0.06025041382120537,23856644
2025-11-22 19:57:30,60221685,0.06022168534603376,23856645
2025-11-22 19:57:40,60178614,0.06017861441130873,23856646
2025-11-22 19:57:50,60120906,0.06012090654534182,23856647
2025-11-22 19:58:00,60048321,0.060048321905404656,23856648
2025-11-22 19:58:10,59960676,0.0599606761375833,23856649
2025-11-22 19:58:20,59857841,0.05985784104817883,23856650
2025-11-22 19:58:30,59739745,0.059739745084375774,23856651
2025-11-22 19:58:40,59606373,0.0596063736225456,23856652
2025-11-22 19:58:50,59457769,0.059457769063203485,23856653
2025-11-22 19:59:00,59294030,0.05929403073229097,23856654
2025-11-22 19:59:10,59115314,0.05911531458911247,23856655
2025-11-22 19:59:20,58921832,0.05892183274190785,23856656
2025-11-22 19:59:30,58713852,0.05871385277269426,23856657
2025-11-22 19:59:40,58491696,0.058491696873656455,23856658
2025-11-22 19:59:50,58255740,0.058255740798001394,23856659
2025-11-22 20:00:00,58006412,0.05800641262882229,23856660
2025-11-22 20:00:10,57744191,0.05774419137013177,23856661
2025-11-22 20:00:20,57469605,0.05746960536482686,23856662
2025-11-22 20:00:30,57183230,0.05718323054493321,23856663
2025-11-22 20:00:40,56885688,0.05688568852004426,23856664
2025-11-22 20:00:50,56577644,0.05657764451041842,23856665
2025-11-22 20:01:00,56259805,0.056259805131722976,23856666
2025-11-22 20:01:10,55932916,0.05593291603891576,23856667
2025-11-22 20:01:20,55597759,0.05559775943723205,23856668
2025-11-22 20:01:30,55255151,0.055255151468694315,23856669
2025-11-22 20:01:40,55000000,0.055,23856670
2025-11-22 20:01:50,55000000,0.055,23856671
2025-11-22 20:02:00,55000000,0.055,23856672
2025-11-22 20:02:10,55000000,0.055,23856673
2025-11-22 20:02:20,55000000,0.055,23856674
2025-11-22 20:02:30,55000000,0.055,23856675
2025-11-22 20:02:40,55000000,0.055,23856676
2025-11-22 20:02:50,55000000,0.055,23856677
2025-11-22 20:03:00,55000000,0.055,23856678
2025-11-22 20:03:10,55000000,0.055,23856679
2025-11-22 20:03:20,55000000,0.055,23856680
2025-11-22 20:03:30,55000000,0.055,23856681
2025-11-22 20:03:40,55000000,0.055,23856682
2025-11-22 20:03:50,55000000,0.055,23856683
2025-11-22 20:04:00,55000000,0.055,23856684
2025-11-22 20:04:10,55000000,0.055,23856685
2025-11-22 20:04:20,55000000,0.055,23856686
2025-11-22 20:04:30,55000000,0.055,23856687
2025-11-22 20:04:40,55000000,0.055,23856688
2025-11-22 20:04:50,55000000,0.055,23856689
2025-11-22 20:05:00,55000000,0.055,23856690
2025-11-22 20:05:10,55000000,0.055,23856691
2025-11-22 20:05:20,55000000,0.055,23856692
2025-11-22 20:05:30,55000000,0.055,23856693
2025-11-22 20:05:40,55000000,0.055,23856694
2025-11-22 20:05:50,55000000,0.055,23856695
2025-11-22 20:06:00,55000000,0.055,23856696
2025-11-22 20:06:10,55000000,0.055,23856697
2025-11-22 20:06:20,55000000,0.055,23856698
2025-11-22 20:06:30,55000000,0.055,23856699
2025-11-22 20:06:40,55000000,0.055,23856700
2025-11-22 20:06:50,55000000,0.055,23856701
2025-11-22 20:07:00,55000000,0.055,23856702
2025-11-22 20:07:10,55000000,0.055,23856703
2025-11-22 20:07:20,55000000,0.055,23856704
2025-11-22 20:07:30,55000000,0.055,23856705
2025-11-22 20:07:40,55000000,0.055,23856706
2025-11-22 20:07:50,55000000,0.055,23856707
2025-11-22 20:08:00,55000000,0.055,23856708
2025-11-22 20:08:10,55000000,0.055,23856709
2025-11-22 20:08:20,55000000,0.055,23856710
2025-11-22 20:08:30,55000000,0.055,23856711
2025-11-22 20:08:40,55000000,0.055,23856712
2025-11-22 20:08:50,55000000,0.055,23856713
2025-11-22 20:09:00,55000000,0.055,23856714
2025-11-22 20:09:10,55000000,0.055,23856715
2025-11-22 20:09:20,55000000,0.055,23856716
2025-11-22 20:09:30,55000000,0.055,23856717
2025-11-22 20:09:40,55000000,0.055,23856718
2025-11-22 20:09:50,55000000,0.055,23856719
2025-11-22 20:10:00,55000000,0.055,23856720
2025-11-22 20:10:10,55000000,0.055,23856721
2025-11-22 20:10:20,55000000,0.055,23856722
2025-11-22 20:10:30,55000000,0.055,23856723
2025-11-22 20:10:40,55000000,0.055,23856724
2025-11-22 20:10:50,55000000,0.055,23856725
2025-11-22 20:11:00,55000000,0.055,23856726
2025-11-22 20:11:10,55000000,0.055,23856727
2025-11-22 20:11:20,55000000,0.055,23856728
2025-11-22 20:11:30,55000000,0.055,23856729
2025-11-22 20:11:40,55000000,0.055,23856730
2025-11-22 20:11:50,55000000,0.055,23856731
2025-11-22 20:12:00,55000000,0.055,23856732
2025-11-22 20:12:10,55000000,0.055,23856733
2025-11-22 20:12:20,55000000,0.055,23856734
2025-11-22 20:12:30,55000000,0.055,23856735
2025-11-22 20:12:40,55000000,0.055,23856736
2025-11-22 20:12:50,55000000,0.055,23856737
2025-11-22 20:13:00,55000000,0.055,23856738
2025-11-22 20:13:10,55000000,0.055,23856739
2025-11-22 20:13:20,55000000,0.055,23856740
2025-11-22 20:13:30,55000000,0.055,23856741
2025-11-22 20:13:40,55000000,0.055,23856742
2025-11-22 20:13:50,55000000,0.055,23856743
2025-11-22 20:14:00,55000000,0.055,23856744
2025-11-22 20:14:10,55000000,0.055,23856745
2025-11-22 20:14:20,55000000,0.055,23856746
2025-11-22 20:14:30,55238786,0.05523878610048876,23856747
2025-11-22 20:14:40,55478864,0.0554788646240861,23856748
2025-11-22 20:14:50,55707154,0.05570715433309472,23856749
2025-11-22 20:15:00,55923079,0.05592307929548894,23856750
2025-11-22 20:15:10,56126111,0.05612611116837176,23856751
2025-11-22 20:15:20,56315770,0.05631577094773051,23856752
2025-11-22 20:15:30,56491630,0.05649163055047203,23856753
2025-11-22 20:15:40,56653314,0.056653314223389324,23856754
2025-11-22 20:15:50,56800499,0.05680049977429766,23856755
2025-11-22 20:16:00,56932919,0.05693291962117986,23856756
2025-11-22 20:16:10,57050361,0.05705036165579608,23856757
2025-11-22 20:16:20,57152669,0.057152669918841895,23856758
2025-11-22 20:16:30,57239745,0.057239745084375786,23856759
2025-11-22 20:16:40,57311544,0.05731154475188254,23856760
2025-11-22 20:16:50,57368083,0.05736808354499069,23856761
2025-11-22 20:17:00,57409433,0.057409433016515764,23856762
2025-11-22 20:17:10,57435721,0.05743572136015662,23856763
2025-11-22 20:17:20,57447132,0.05744713292982724,23856764
2025-11-22 20:17:30,57443907,0.05744390756825597,23856765
2025-11-22 20:17:40,57426339,0.057426339747131294,23856766
2025-11-22 20:17:50,57394777,0.05739477752170938,23856767
2025-11-22 20:18:00,57349621,0.05734962130342794,23856768
2025-11-22 20:18:10,57291322,0.057291322454685774,23856769
2025-11-22 20:18:20,57220381,0.05722038171054987,23856770
2025-11-22 20:18:30,57137347,0.057137347432737344,23856771
2025-11-22 20:18:40,57042813,0.05704281370178726,23856772
2025-11-22 20:18:50,56937418,0.05693741825388467,23856773
2025-11-22 20:19:00,56821840,0.05682184026932551,23856774
2025-11-22 20:19:10,56696798,0.056696798020112564,23856775
2025-11-22 20:19:20,56563046,0.05656304638464952,23856776
2025-11-22 20:19:30,56421374,0.05642137423795046,23856777
2025-11-22 20:19:40,56272601,0.05627260172620237,23856778
2025-11-22 20:19:50,56117577,0.056117577434911,23856779
2025-11-22 20:20:00,55957175,0.05595717546021914,23856780
2025-11-22 20:20:10,55792292,0.05579229239331554,23856781
2025-11-22 20:20:20,55623844,0.0556238442281454,23856782
2025-11-22 20:20:30,55452763,0.055452763202894224,23856783
2025-11-22 20:20:40,55279994,0.055279994585940254,23856784
2025-11-22 20:20:50,55106493,0.055106493417158724,23856785
2025-11-22 20:21:00,55000000,0.055,23856786
2025-11-22 20:21:10,55000000,0.055,23856787
2025-11-22 20:21:20,55000000,0.055,23856788
2025-11-22 20:21:30,55000000,0.055,23856789
2025-11-22 20:21:40,55000000,0.055,23856790
2025-11-22 20:21:50,55000000,0.055,23856791
2025-11-22 20:22:00,55000000,0.055,23856792
2025-11-22 20:22:10,55000000,0.055,23856793
2025-11-22 20:22:20,55000000,0.055,23856794
2025-11-22 20:22:30,55000000,0.055,23856795
2025-11-22 20:22:40,55000000,0.055,23856796
2025-11-22 20:22:50,55000000,0.055,23856797
2025-11-22 20:23:00,55000000,0.055,23856798
2025-11-22 20:23:10,55000000,0.055,23856799
2025-11-22 20:23:20,55000000,0.055,23856800
2025-11-22 20:23:30,55000000,0.055,23856801
2025-11-22 20:23:40,55000000,0.055,23856802
2025-11-22 20:23:50,55000000,0.055,23856803
2025-11-22 20:24:00,55000000,0.055,23856804
2025-11-22 20:24:10,55000000,0.055,23856805
2025-11-22 20:24:20,55000000,0.055,23856806
2025-11-22 20:24:30,55000000,0.055,23856807
2025-11-22 20:24:40,55000000,0.055,23856808
2025-11-22 20:24:50,55000000,0.055,23856809
2025-11-22 20:25:00,55000000,0.055,23856810
2025-11-22 20:25:10,55000000,0.055,23856811
2025-11-22 20:25:20,55000000,0.055,23856812
2025-11-22 20:25:30,55000000,0.055,23856813
2025-11-22 20:25:40,55000000,0.055,23856814
2025-11-22 20:25:50,55000000,0.055,23856815
2025-11-22 20:26:00,55000000,0.055,23856816
2025-11-22 20:26:10,55000000,0.055,23856817
2025-11-22 20:26:20,55000000,0.055,23856818
2025-11-22 20:26:30,55000000,0.055,23856819
2025-11-22 20:26:40,55000000,0.055,23856820
2025-11-22 20:26:50,55182472,0.055182472250379186,23856821
2025-11-22 20:27:00,55467864,0.05546786428547806,23856822
2025-11-22 20:27:10,55768330,0.05576833031846139,23856823
2025-11-22 20:27:20,56083330,0.056083330560924405,23856824
2025-11-22 20:27:30,56412277,0.05641227734162337,23856825
2025-11-22 20:27:40,56754537,0.05675453701962531,23856826
2025-11-22 20:27:50,57109432,0.057109432052840005,23856827
2025-11-22 20:28:00,57476243,0.05747624321494409,23856828
2025-11-22 20:28:10,57854211,0.05785421195320676,23856829
2025-11-22 20:28:20,58242542,0.058242542879248994,23856830
2025-11-22 20:28:30,58640406,0.05864040638431851,23856831
2025-11-22 20:28:40,59046941,0.05904694137024199,23856832
2025-11-22 20:28:50,59461258,0.05946125808682336,23856833
2025-11-22 20:29:00,59882441,0.05988244106609865,23856834
2025-11-22 20:29:10,60309552,0.06030955214352813,23856835
2025-11-22 20:29:20,60741633,0.060741633555914165,23856836
2025-11-22 20:29:30,61177711,0.06117771110557229,23856837
2025-11-22 20:29:40,61616797,0.0616167973800593,23856838
2025-11-22 20:29:50,62057895,0.0620578950165748,23856839
2025-11-22 20:30:00,62499999,0.062499999999999986,23856840
2025-11-22 20:30:10,62942104,0.06294210498342517,23856841
2025-11-22 20:30:20,63383202,0.06338320261994071,23856842
2025-11-22 20:30:30,63822288,0.06382228889442768,23856843
2025-11-22 20:30:40,64258366,0.06425836644408578,23856844
2025-11-22 20:30:50,64690447,0.06469044785647185,23856845
2025-11-22 20:31:00,65117558,0.06511755893390132,23856846
2025-11-22 20:31:10,65538741,0.06553874191317663,23856847
2025-11-22 20:31:20,65953058,0.06595305862975799,23856848
2025-11-22 20:31:30,66359593,0.06635959361568144,23856849
2025-11-22 20:31:40,66757457,0.06675745712075101,23856850
2025-11-22 20:31:50,67145788,0.0671457880467932,23856851
2025-11-22 20:32:00,67523756,0.06752375678505587,23856852
2025-11-22 20:32:10,67890567,0.06789056794715999,23856853
2025-11-22 20:32:20,68245462,0.06824546298037468,23856854
2025-11-22 20:32:30,68587722,0.06858772265837662,23856855
2025-11-22 20:32:40,68916669,0.06891666943907557,23856856
2025-11-22 20:32:50,69231669,0.0692316696815386,23856857
2025-11-22 20:33:00,69532135,0.06953213571452191,23856858
2025-11-22 20:33:10,69817527,0.06981752774962079,23856859
2025-11-22 20:33:20,70087355,0.07008735563257501,23856860
2025-11-22 20:33:30,70341180,0.07034118042681345,23856861
2025-11-22 20:33:40,70578615,0.07057861582389019,23856862
2025-11-22 20:33:50,70799329,0.07079932937604973,23856863
2025-11-22 20:34:00,71003043,0.07100304354676047,23856864
2025-11-22 20:34:10,71189536,0.07118953657567237,23856865
2025-11-22 20:34:20,71358643,0.07135864315508171,23856866
2025-11-22 20:34:30,71510254,0.07151025491562421,23856867
2025-11-22 20:34:40,71644320,0.07164432071956277,23856868
2025-11-22 20:34:50,71760846,0.0717608467606878,23856869
2025-11-22 20:35:00,71859896,0.07185989647050162,23856870
2025-11-22 20:35:10,71941590,0.07194159023101455,23856871
2025-11-22 20:35:20,72006104,0.07200610489513397,23856872
2025-11-22 20:35:30,72053673,0.07205367311627933,23856873
2025-11-22 20:35:40,72084582,0.07208458248950105,23856874
2025-11-22 20:35:50,72099174,0.07209917450701922,23856875
2025-11-22 20:36:00,72097843,0.07209784333172585,23856876
2025-11-22 20:36:10,72081034,0.07208103439281047,23856877
2025-11-22 20:36:20,72049242,0.07204924280827041,23856878
2025-11-22 20:36:30,72003011,0.07200301163965328,23856879
2025-11-22 20:36:40,71942929,0.07194292998494625,23856880
2025-11-22 20:36:50,71869630,0.07186963091607475,23856881
2025-11-22 20:37:00,71783789,0.07178378926799885,23856882
2025-11-22 20:37:10,71686119,0.07168611928689723,23856883
2025-11-22 20:37:20,71577372,0.07157737214540681,23856884
2025-11-22 20:37:30,71458333,0.07145833333333335,23856885
2025-11-22 20:37:40,71329819,0.07132981993267262,23856886
2025-11-22 20:37:50,71192677,0.07119267778617104,23856887
2025-11-22 20:38:00,71047778,0.07104777856901531,23856888
2025-11-22 20:38:10,70896016,0.07089601677356887,23856889
2025-11-22 20:38:20,70738306,0.07073830661736688,23856890
2025-11-22 20:38:30,70575578,0.0705755788848403,23856891
2025-11-22 20:38:40,70408777,0.07040877771346522,23856892
2025-11-22 20:38:50,70238857,0.07023885733522034,23856893
2025-11-22 20:39:00,70066778,0.0700667787843871,23856894
2025-11-22 20:39:10,69893506,0.06989350658284127,23856895
2025-11-22 20:39:20,69720005,0.06972000541405976,23856896
2025-11-22 20:39:30,69547236,0.06954723679710578,23856897
2025-11-22 20:39:40,69376155,0.0693761557718546,23856898
2025-11-22 20:39:50,69207707,0.06920770760668449,23856899
2025-11-22 20:40:00,69042824,0.06904282453978085,23856900
2025-11-22 20:40:10,68882422,0.06888242256508902,23856901
2025-11-22 20:40:20,68727398,0.0687273982737976,23856902
2025-11-22 20:40:30,68578625,0.06857862576204955,23856903
2025-11-22 20:40:40,68436953,0.06843695361535046,23856904
2025-11-22 20:40:50,68303201,0.06830320197988743,23856905
2025-11-22 20:41:00,68178159,0.06817815973067448,23856906
2025-11-22 20:41:10,68062581,0.06806258174611533,23856907
2025-11-22 20:41:20,67957186,0.06795718629821274,23856908
2025-11-22 20:41:30,67862652,0.06786265256726266,23856909
2025-11-22 20:41:40,67779618,0.06777961828945013,23856910
2025-11-22 20:41:50,67708677,0.06770867754531423,23856911
2025-11-22 20:42:00,67650378,0.06765037869657206,23856912
2025-11-22 20:42:10,67605222,0.06760522247829061,23856913
2025-11-22 20:42:20,67573660,0.06757366025286869,23856914
2025-11-22 20:42:30,67556092,0.06755609243174403,23856915
2025-11-22 20:42:40,67552867,0.06755286707017275,23856916
2025-11-22 20:42:50,67564278,0.06756427863984335,23856917
2025-11-22 20:43:00,67590566,0.06759056698348423,23856918
2025-11-22 20:43:10,67631916,0.0676319164550093,23856919
2025-11-22 20:43:20,67688455,0.06768845524811745,23856920
2025-11-22 20:43:30,67760254,0.0677602549156242,23856921
2025-11-22 20:43:40,67847330,0.06784733008115809,23856922
2025-11-22 20:43:50,67949638,0.06794963834420392,23856923
2025-11-22 20:44:00,68067080,0.06806708037882014,23856924
2025-11-22 20:44:10,68199500,0.06819950022570233,23856925
2025-11-22 20:44:20,68346685,0.06834668577661066,23856926
2025-11-22 20:44:30,68508369,0.06850836944952797,23856927
2025-11-22 20:44:40,68684229,0.06868422905226948,23856928
2025-11-22 20:44:50,68873888,0.06887388883162822,23856929
2025-11-22 20:45:00,69076920,0.06907692070451105,23856930
2025-11-22 20:45:10,69292845,0.06929284566690523,23856931
2025-11-22 20:45:20,69521135,0.06952113537591385,23856932
2025-11-22 20:45:30,69761213,0.06976121389951125,23856933
2025-11-22 20:45:40,70012459,0.07001245962810387,23856934
2025-11-22 20:45:50,70274207,0.0702742073414334,23856935
2025-11-22 20:46:00,70545750,0.07054575042383257,23856936
2025-11-22 20:46:10,70826343,0.07082634322034347,23856937
2025-11-22 20:46:20,71115203,0.07111520352573092,23856938
2025-11-22 20:46:30,71411515,0.07141151519797236,23856939
2025-11-22 20:46:40,71714430,0.07171443088738697,23856940
2025-11-22 20:46:50,72023074,0.07202307487217287,23856941
2025-11-22 20:47:00,72336545,0.07233654599076235,23856942
2025-11-22 20:47:10,72653920,0.07265392066107741,23856943
2025-11-22 20:47:20,72974255,0.07297425597647336,23856944
2025-11-22 20:47:30,73296592,0.07329659286789839,23856945
2025-11-22 20:47:40,73619959,0.07361995932157386,23856946
2025-11-22 20:47:50,73943373,0.07394337364131069,23856947
2025-11-22 20:48:00,74265847,0.07426584774442728,23856948
2025-11-22 20:48:10,74586390,0.07458639048012021,23856949
2025-11-22 20:48:20,74904010,0.0749040109590622,23856950
2025-11-22 20:48:30,75217721,0.07521772188296495,23856951
2025-11-22 20:48:40,75526542,0.0755265428628437,23856952
2025-11-22 20:48:50,75829503,0.07582950371475766,23856953
2025-11-22 20:49:00,76125647,0.07612564772187935,23856954
2025-11-22 20:49:10,76414034,0.07641403485185609,23856955
2025-11-22 20:49:20,76693744,0.07669374491858034,23856956
2025-11-22 20:49:30,76963880,0.07696388067767372,23856957
2025-11-22 20:49:40,77223570,0.07722357084521224,23856958
2025-11-22 20:49:50,77471973,0.07747197302948049,23856959
2025-11-22 20:50:00,77708276,0.07770827656583802,23856960
2025-11-22 20:50:10,77931705,0.07793170524510643,23856961
2025-11-22 20:50:20,78141519,0.07814151992624783,23856962
2025-11-22 20:50:30,78337021,0.07833702102449623,23856963
2025-11-22 20:50:40,78517550,0.07851755086652376,23856964
2025-11-22 20:50:50,78682495,0.0786824959046753,23856965
2025-11-22 20:51:00,78831288,0.07883128878277962,23856966
2025-11-22 20:51:10,78963410,0.07896341024654929,23856967
2025-11-22 20:51:20,79078390,0.07907839089210597,23856968
2025-11-22 20:51:30,79175812,0.0791758127467158,23856969
2025-11-22 20:51:40,79255310,0.0792553106763872,23856970
2025-11-22 20:51:50,79316573,0.07931657361556958,23856971
2025-11-22 20:52:00,79359345,0.07935934561479191,23856972
2025-11-22 20:52:10,79383426,0.07938342670269793,23856973
2025-11-22 20:52:20,79388673,0.07938867355956092,23856974
2025-11-22 20:52:30,79375000,0.079375,23856975
2025-11-22 20:52:40,79342377,0.07934237726326462,23856976
2025-11-22 20:52:50,79290834,0.07929083411010535,23856977
2025-11-22 20:53:00,79220456,0.07922045672590304,23856978
2025-11-22 20:53:10,79131388,0.0791313884303844,23856979
2025-11-22 20:53:20,79023829,0.07902382919490572,23856980
2025-11-22 20:53:30,78898034,0.07889803496893802,23856981
2025-11-22 20:53:40,78754316,0.07875431681803191,23856982
2025-11-22 20:53:50,78593039,0.07859303987617894,23856983
2025-11-22 20:54:00,78414622,0.07841462211611296,23856984
2025-11-22 20:54:10,78219532,0.07821953294171233,23856985
2025-11-22 20:54:20,78008291,0.07800829160726451,23856986
2025-11-22 20:54:30,77781465,0.07778146546894069,23856987
2025-11-22 20:54:40,77539668,0.07753966807439598,23856988
2025-11-22 20:54:50,77283557,0.07728355709695829,23856989
2025-11-22 20:55:00,77013832,0.07701383212139361,23856990
2025-11-22 20:55:10,76731232,0.07673123228873978,23856991
2025-11-22 20:55:20,76436533,0.07643653380817522,23856992
2025-11-22 20:55:30,76130547,0.07613054734434038,23856993
2025-11-22 20:55:40,75814115,0.07581411528895074,23856994
2025-11-22 20:55:50,75488108,0.0754881089259302,23856995
2025-11-22 20:56:00,75153425,0.07515342549965716,23856996
2025-11-22 20:56:10,74810985,0.07481098519623912,23856997
2025-11-22 20:56:20,74461728,0.07446172804802892,23856998
2025-11-22 20:56:30,74106610,0.07410661077185389,23856999
2025-11-22 20:56:40,73746603,0.07374660355165477,23857000
2025-11-22 20:56:50,73382686,0.0733826867764165,23857001
2025-11-22 20:57:00,73015847,0.07301584774442729,23857002
2025-11-22 20:57:10,72647077,0.07264707734501442,23857003
2025-11-22 20:57:20,72277366,0.07227736672898127,23857004
2025-11-22 20:57:30,71907703,0.07190770397900953,23857005
2025-11-22 20:57:40,71539070,0.07153907079128823,23857006
2025-11-22 20:57:50,71172439,0.07117243917959593,23857007
2025-11-22 20:58:00,70808768,0.07080876821298461,23857008
2025-11-22 20:58:10,70449000,0.07044900079809883,23857009
2025-11-22 20:58:20,70094060,0.07009406051701658,23857010
2025-11-22 20:58:30,69744848,0.06974484853130565,23857011
2025-11-22 20:58:40,69402240,0.06940224056276799,23857012
2025-11-22 20:58:50,69067083,0.06906708396108424,23857013
2025-11-22 20:59:00,68740194,0.06874019486827702,23857014
2025-11-22 20:59:10,68422355,0.0684223554895816,23857015
2025-11-22 20:59:20,68114311,0.06811431147995577,23857016
2025-11-22 20:59:30,67816769,0.0678167694550668,23857017
2025-11-22 20:59:40,67530394,0.06753039463517316,23857018
2025-11-22 20:59:50,67255808,0.06725580862986824,23857019
2025-11-22 21:00:00,66993587,0.06699358737117775,23857020
2025-11-22 21:00:10,66744259,0.06674425920199858,23857021
2025-11-22 21:00:20,66508303,0.06650830312634355,23857022
2025-11-22 21:00:30,66286147,0.06628614722730575,23857023
2025-11-22 21:00:40,66078167,0.06607816725809215,23857024
2025-11-22 21:00:50,65884685,0.06588468541088752,23857025
2025-11-22 21:01:00,65705969,0.06570596926770902,23857026
2025-11-22 21:01:10,65542230,0.06554223093679651,23857027
2025-11-22 21:01:20,65393626,0.06539362637745438,23857028
2025-11-22 21:01:30,65260254,0.0652602549156242,23857029
2025-11-22 21:01:40,65142158,0.06514215895182117,23857030
2025-11-22 21:01:50,65039323,0.0650393238624167,23857031
2025-11-22 21:02:00,64951678,0.06495167809459534,23857032
2025-11-22 21:02:10,64879093,0.06487909345465817,23857033
2025-11-22 21:02:20,64821385,0.06482138558869127,23857034
2025-11-22 21:02:30,64778314,0.06477831465396623,23857035
2025-11-22 21:02:40,64749586,0.06474958617879462,23857036
2025-11-22 21:02:50,64734852,0.06473485210792024,23857037
2025-11-22 21:03:00,64733712,0.06473371202990537,23857038
2025-11-22 21:03:10,64745714,0.06474571458235126,23857039
2025-11-22 21:03:20,64770359,0.06477035903019089,23857040
2025-11-22 21:03:30,64807097,0.06480709701170709,23857041
2025-11-22 21:03:40,64855334,0.06485533444636088,23857042
2025-11-22 21:03:50,64914433,0.06491443359796718,23857043
2025-11-22 21:04:00,64983715,0.06498371528623004,23857044
2025-11-22 21:04:10,65062461,0.0650624612391467,23857045
2025-11-22 21:04:20,65149916,0.06514991657831341,23857046
2025-11-22 21:04:30,65245292,0.0652452924287162,23857047
2025-11-22 21:04:40,65347768,0.06534776864416798,23857048
2025-11-22 21:04:50,65456496,0.06545649663916309,23857049
2025-11-22 21:05:00,65570602,0.0655706023175586,23857050
2025-11-22 21:05:10,65689189,0.06568918908816593,23857051
2025-11-22 21:05:20,65811340,0.06581134095703978,23857052
2025-11-22 21:05:30,65936125,0.06593612568599466,23857053
2025-11-22 21:05:40,66062598,0.06606259800665236,23857054
2025-11-22 21:05:50,66189802,0.06618980287913755,23857055
2025-11-22 21:06:00,66316778,0.06631677878438708,23857056
2025-11-22 21:06:10,66442561,0.06644256103892403,23857057
2025-11-22 21:06:20,66566185,0.0665661851208726,23857058
2025-11-22 21:06:30,66686689,0.06668668999595138,23857059
2025-11-22 21:06:40,66803121,0.0668031214321817,23857060
2025-11-22 21:06:50,66914535,0.0669145352920874,23857061
2025-11-22 21:07:00,67020000,0.06702000079123754,23857062
2025-11-22 21:07:10,67118603,0.06711860371209699,23857063
2025-11-22 21:07:20,67209449,0.06720944956230224,23857064
2025-11-22 21:07:30,67291666,0.06729166666666665,23857065
2025-11-22 21:07:40,67364409,0.06736440918244387,23857066
2025-11-22 21:07:50,67426860,0.06742686002763798,23857067
2025-11-22 21:08:00,67478233,0.06747823371244327,23857068
2025-11-22 21:08:10,67517779,0.0675177790642229,23857069
2025-11-22 21:08:20,67544781,0.0675447818367981,23857070
2025-11-22 21:08:30,67558567,0.06755856719520884,23857071
2025-11-22 21:08:40,67558502,0.06755850206752965,23857072
2025-11-22 21:08:50,67543997,0.06754399735577343,23857073
2025-11-22 21:09:00,67514509,0.06751450999839254,23857074
2025-11-22 21:09:10,67469544,0.0674695448773896,23857075
2025-11-22 21:09:20,67408656,0.06740865656357511,23857076
2025-11-22 21:09:30,67331450,0.06733145089405711,23857077
2025-11-22 21:09:40,67237586,0.06723758637661546,23857078
2025-11-22 21:09:50,67126775,0.06712677541619974,23857079
2025-11-22 21:10:00,66998785,0.06699878535939051,23857080
2025-11-22 21:10:10,66853439,0.06685343935328039,23857081
2025-11-22 21:10:20,66690617,0.06669061701585906,23857082
2025-11-22 21:10:30,66510254,0.0665102549156242,23857083
2025-11-22 21:10:40,66312346,0.06631234685878543,23857084
2025-11-22 21:10:50,66096943,0.06609694398307979,23857085
2025-11-22 21:11:00,65864154,0.0658641546578716,23857086
2025-11-22 21:11:10,65614144,0.06561414419086453,23857087
2025-11-22 21:11:20,65347134,0.06534713434240874,23857088
2025-11-22 21:11:30,65063402,0.0650634026490357,23857089
2025-11-22 21:11:40,64763281,0.06476328155850092,23857090
2025-11-22 21:11:50,64447157,0.06444715737925041,23857091
2025-11-22 21:12:00,64115469,0.0641154690478553,23857092
2025-11-22 21:12:10,63768706,0.06376870671857565,23857093
2025-11-22 21:12:20,63407410,0.06340741017981631,23857094
2025-11-22 21:12:30,63032167,0.06303216710282107,23857095
2025-11-22 21:12:40,62643611,0.06264361112852283,23857096
2025-11-22 21:12:50,62242419,0.062242419799011836,23857097
2025-11-22 21:13:00,61829312,0.06182931234061148,23857098
2025-11-22 21:13:10,61405047,0.0614050473060525,23857099
2025-11-22 21:13:20,60970420,0.060970420083713985,23857100
2025-11-22 21:13:30,60526260,0.060526260282348095,23857101
2025-11-22 21:13:40,60073429,0.06007342900012842,23857102
2025-11-22 21:13:50,59612815,0.05961281598725074,23857103
2025-11-22 21:14:00,59145336,0.05914533671167909,23857104
2025-11-22 21:14:10,58671929,0.058671929337953364,23857105
2025-11-22 21:14:20,58193551,0.05819355162927096,23857106
2025-11-22 21:14:30,57711177,0.057711177783316615,23857107
2025-11-22 21:14:40,57225795,0.057225795212533286,23857108
2025-11-22 21:14:50,56738401,0.056738401279721476,23857109
2025-11-22 21:15:00,56250000,0.05625000000000003,23857110
2025-11-22 21:15:10,55761598,0.05576159872027855,23857111
2025-11-22 21:15:20,55274204,0.05527420478746673,23857112
2025-11-22 21:15:30,55000000,0.055,23857113
2025-11-22 21:15:40,55000000,0.055,23857114
2025-11-22 21:15:50,55000000,0.055,23857115
2025-11-22 21:16:00,55000000,0.055,23857116
2025-11-22 21:16:10,55000000,0.055,23857117
2025-11-22 21:16:20,55000000,0.055,23857118
2025-11-22 21:16:30,55000000,0.055,23857119
2025-11-22 21:16:40,55000000,0.055,23857120
2025-11-22 21:16:50,55000000,0.055,23857121
2025-11-22 21:17:00,55000000,0.055,23857122
2025-11-22 21:17:10,55000000,0.055,23857123
2025-11-22 21:17:20,55000000,0.055,23857124
2025-11-22 21:17:30,55000000,0.055,23857125
2025-11-22 21:17:40,55000000,0.055,23857126
2025-11-22 21:17:50,55000000,0.055,23857127
2025-11-22 21:18:00,55000000,0.055,23857128
2025-11-22 21:18:10,55000000,0.055,23857129
2025-11-22 21:18:20,55000000,0.055,23857130
2025-11-22 21:18:30,55000000,0.055,23857131
2025-11-22 21:18:40,55000000,0.055,23857132
2025-11-22 21:18:50,55000000,0.055,23857133
2025-11-22 21:19:00,55000000,0.055,23857134
2025-11-22 21:19:10,55000000,0.055,23857135
2025-11-22 21:19:20,55000000,0.055,23857136
2025-11-22 21:19:30,55000000,0.055,23857137
2025-11-22 21:19:40,55000000,0.055,23857138
2025-11-22 21:19:50,55000000,0.055,23857139
2025-11-22 21:20:00,55000000,0.055,23857140
2025-11-22 21:20:10,55000000,0.055,23857141
2025-11-22 21:20:20,55000000,0.055,23857142
2025-11-22 21:20:30,55000000,0.055,23857143
2025-11-22 21:20:40,55000000,0.055,23857144
2025-11-22 21:20:50,55000000,0.055,23857145
2025-11-22 21:21:00,55000000,0.055,23857146
2025-11-22 21:21:10,55000000,0.055,23857147
2025-11-22 21:21:20,55000000,0.055,23857148
2025-11-22 21:21:30,55000000,0.055,23857149
2025-11-22 21:21:40,55000000,0.055,23857150
2025-11-22 21:21:50,55000000,0.055,23857151
2025-11-22 21:22:00,55000000,0.055,23857152
2025-11-22 21:22:10,55000000,0.055,23857153
2025-11-22 21:22:20,55000000,0.055,23857154
2025-11-22 21:22:30,55000000,0.055,23857155
2025-11-22 21:22:40,55000000,0.055,23857156
2025-11-22 21:22:50,55000000,0.055,23857157
2025-11-22 21:23:00,55000000,0.055,23857158
2025-11-22 21:23:10,55000000,0.055,23857159
2025-11-22 21:23:20,55000000,0.055,23857160
2025-11-22 21:23:30,55000000,0.055,23857161
2025-11-22 21:23:40,55000000,0.055,23857162
2025-11-22 21:23:50,55000000,0.055,23857163
2025-11-22 21:24:00,55000000,0.055,23857164
2025-11-22 21:24:10,55000000,0.055,23857165
2025-11-22 21:24:20,55000000,0.055,23857166
2025-11-22 21:24:30,55000000,0.055,23857167
2025-11-22 21:24:40,55000000,0.055,23857168
2025-11-22 21:24:50,55000000,0.055,23857169
2025-11-22 21:25:00,55000000,0.055,23857170
2025-11-22 21:25:10,55000000,0.055,23857171
2025-11-22 21:25:20,55000000,0.055,23857172
2025-11-22 21:25:30,55000000,0.055,23857173
2025-11-22 21:25:40,55000000,0.055,23857174
2025-11-22 21:25:50,55000000,0.055,23857175
2025-11-22 21:26:00,55000000,0.055,23857176
2025-11-22 21:26:10,55000000,0.055,23857177
2025-11-22 21:26:20,55000000,0.055,23857178
2025-11-22 21:26:30,55000000,0.055,23857179
2025-11-22 21:26:40,55000000,0.055,23857180
2025-11-22 21:26:50,55000000,0.055,23857181
2025-11-22 21:27:00,55000000,0.055,23857182
2025-11-22 21:27:10,55000000,0.055,23857183
2025-11-22 21:27:20,55000000,0.055,23857184
2025-11-22 21:27:30,55000000,0.055,23857185
2025-11-22 21:27:40,55000000,0.055,23857186
2025-11-22 21:27:50,55000000,0.055,23857187
2025-11-22 21:28:00,55000000,0.055,23857188
2025-11-22 21:28:10,55000000,0.055,23857189
2025-11-22 21:28:20,55000000,0.055,23857190
2025-11-22 21:28:30,55000000,0.055,23857191
2025-11-22 21:28:40,55000000,0.055,23857192
2025-11-22 21:28:50,55000000,0.055,23857193
2025-11-22 21:29:00,55000000,0.055,23857194
2025-11-22 21:29:10,55000000,0.055,23857195
2025-11-22 21:29:20,55000000,0.055,23857196
2025-11-22 21:29:30,55000000,0.055,23857197
2025-11-22 21:29:40,55000000,0.055,23857198
2025-11-22 21:29:50,55000000,0.055,23857199
2025-11-22 21:30:00,55000000,0.055,23857200
2025-11-22 21:30:10,55000000,0.055,23857201
2025-11-22 21:30:20,55000000,0.055,23857202
2025-11-22 21:30:30,55000000,0.055,23857203
2025-11-22 21:30:40,55000000,0.055,23857204
2025-11-22 21:30:50,55000000,0.055,23857205
2025-11-22 21:31:00,55000000,0.055,23857206
2025-11-22 21:31:10,55000000,0.055,23857207
2025-11-22 21:31:20,55000000,0.055,23857208
2025-11-22 21:31:30,55000000,0.055,23857209
2025-11-22 21:31:40,55000000,0.055,23857210
2025-11-22 21:31:50,55000000,0.055,23857211
2025-11-22 21:32:00,55000000,0.055,23857212
2025-11-22 21:32:10,55000000,0.055,23857213
2025-11-22 21:32:20,55000000,0.055,23857214
2025-11-22 21:32:30,55000000,0.055,23857215
2025-11-22 21:32:40,55000000,0.055,23857216
2025-11-22 21:32:50,55000000,0.055,23857217
2025-11-22 21:33:00,55000000,0.055,23857218
2025-11-22 21:33:10,55000000,0.055,23857219
2025-11-22 21:33:20,55000000,0.055,23857220
2025-11-22 21:33:30,55000000,0.055,23857221
2025-11-22 21:33:40,55000000,0.055,23857222
2025-11-22 21:33:50,55000000,0.055,23857223
2025-11-22 21:34:00,55000000,0.055,23857224
2025-11-22 21:34:10,55000000,0.055,23857225
2025-11-22 21:34:20,55000000,0.055,23857226
2025-11-22 21:34:30,55000000,0.055,23857227
2025-11-22 21:34:40,55000000,0.055,23857228
2025-11-22 21:34:50,55000000,0.055,23857229
2025-11-22 21:35:00,55000000,0.055,23857230
2025-11-22 21:35:10,55000000,0.055,23857231
2025-11-22 21:35:20,55000000,0.055,23857232
2025-11-22 21:35:30,55000000,0.055,23857233
2025-11-22 21:35:40,55000000,0.055,23857234
2025-11-22 21:35:50,55000000,0.055,23857235
2025-11-22 21:36:00,55000000,0.055,23857236
2025-11-22 21:36:10,55000000,0.055,23857237
2025-11-22 21:36:20,55000000,0.055,23857238
2025-11-22 21:36:30,55000000,0.055,23857239
2025-11-22 21:36:40,55000000,0.055,23857240
2025-11-22 21:36:50,55000000,0.055,23857241
2025-11-22 21:37:00,55000000,0.055,23857242
2025-11-22 21:37:10,55000000,0.055,23857243
2025-11-22 21:37:20,55000000,0.055,23857244
2025-11-22 21:37:30,55000000,0.055,23857245
2025-11-22 21:37:40,55000000,0.055,23857246
2025-11-22 21:37:50,55000000,0.055,23857247
2025-11-22 21:38:00,55000000,0.055,23857248
2025-11-22 21:38:10,55000000,0.055,23857249
2025-11-22 21:38:20,55000000,0.055,23857250
2025-11-22 21:38:30,55000000,0.055,23857251
2025-11-22 21:38:40,55000000,0.055,23857252
2025-11-22 21:38:50,55000000,0.055,23857253
2025-11-22 21:39:00,55000000,0.055,23857254
2025-11-22 21:39:10,55000000,0.055,23857255
2025-11-22 21:39:20,55000000,0.055,23857256
2025-11-22 21:39:30,55000000,0.055,23857257
2025-11-22 21:39:40,55000000,0.055,23857258
2025-11-22 21:39:50,55000000,0.055,23857259
2025-11-22 21:40:00,55000000,0.055,23857260
2025-11-22 21:40:10,55000000,0.055,23857261
2025-11-22 21:40:20,55000000,0.055,23857262
2025-11-22 21:40:30,55000000,0.055,23857263
2025-11-22 21:40:40,55000000,0.055,23857264
2025-11-22 21:40:50,55000000,0.055,23857265
2025-11-22 21:41:00,55000000,0.055,23857266
2025-11-22 21:41:10,55000000,0.055,23857267
2025-11-22 21:41:20,55000000,0.055,23857268
2025-11-22 21:41:30,55000000,0.055,23857269
2025-11-22 21:41:40,55000000,0.055,23857270
2025-11-22 21:41:50,55000000,0.055,23857271
2025-11-22 21:42:00,55000000,0.055,23857272
2025-11-22 21:42:10,55000000,0.055,23857273
2025-11-22 21:42:20,55000000,0.055,23857274
2025-11-22 21:42:30,55000000,0.055,23857275
2025-11-22 21:42:40,55000000,0.055,23857276
2025-11-22 21:42:50,55000000,0.055,23857277
2025-11-22 21:43:00,55000000,0.055,23857278
2025-11-22 21:43:10,55000000,0.055,23857279
2025-11-22 21:43:20,55000000,0.055,23857280
2025-11-22 21:43:30,55000000,0.055,23857281
2025-11-22 21:43:40,55000000,0.055,23857282
2025-11-22 21:43:50,55000000,0.055,23857283
2025-11-22 21:44:00,55000000,0.055,23857284
2025-11-22 21:44:10,55000000,0.055,23857285
2025-11-22 21:44:20,55000000,0.055,23857286
2025-11-22 21:44:30,55000000,0.055,23857287
2025-11-22 21:44:40,55000000,0.055,23857288
2025-11-22 21:44:50,55000000,0.055,23857289
2025-11-22 21:45:00,55000000,0.055,23857290
2025-11-22 21:45:10,55000000,0.055,23857291
2025-11-22 21:45:20,55000000,0.055,23857292
2025-11-22 21:45:30,55000000,0.055,23857293
2025-11-22 21:45:40,55000000,0.055,23857294
2025-11-22 21:45:50,55000000,0.055,23857295
2025-11-22 21:46:00,55000000,0.055,23857296
2025-11-22 21:46:10,55000000,0.055,23857297
2025-11-22 21:46:20,55000000,0.055,23857298
2025-11-22 21:46:30,55000000,0.055,23857299
2025-11-22 21:46:40,55000000,0.055,23857300
2025-11-22 21:46:50,55000000,0.055,23857301
2025-11-22 21:47:00,55000000,0.055,23857302
2025-11-22 21:47:10,55000000,0.055,23857303
2025-11-22 21:47:20,55000000,0.055,23857304
2025-11-22 21:47:30,55000000,0.055,23857305
2025-11-22 21:47:40,55000000,0.055,23857306
2025-11-22 21:47:50,55000000,0.055,23857307
2025-11-22 21:48:00,55000000,0.055,23857308
2025-11-22 21:48:10,55000000,0.055,23857309
2025-11-22 21:48:20,55000000,0.055,23857310
2025-11-22 21:48:30,55000000,0.055,23857311
2025-11-22 21:48:40,55000000,0.055,23857312
2025-11-22 21:48:50,55000000,0.055,23857313
2025-11-22 21:49:00,55000000,0.055,23857314
2025-11-22 21:49:10,55000000,0.055,23857315
2025-11-22 21:49:20,55000000,0.055,23857316
2025-11-22 21:49:30,55000000,0.055,23857317
2025-11-22 21:49:40,55000000,0.055,23857318
2025-11-22 21:49:50,55000000,0.055,23857319
2025-11-22 21:50:00,55000000,0.055,23857320
2025-11-22 21:50:10,55000000,0.055,23857321
2025-11-22 21:50:20,55000000,0.055,23857322
2025-11-22 21:50:30,55000000,0.055,23857323
2025-11-22 21:50:40,55000000,0.055,23857324
2025-11-22 21:50:50,55000000,0.055,23857325
2025-11-22 21:51:00,55000000,0.055,23857326
2025-11-22 21:51:10,55000000,0.055,23857327
2025-11-22 21:51:20,55000000,0.055,23857328
2025-11-22 21:51:30,55000000,0.055,23857329
2025-11-22 21:51:40,55000000,0.055,23857330
2025-11-22 21:51:50,55000000,0.055,23857331
2025-11-22 21:52:00,55000000,0.055,23857332
2025-11-22 21:52:10,55000000,0.055,23857333
2025-11-22 21:52:20,55000000,0.055,23857334
2025-11-22 21:52:30,55000000,0.055,23857335
2025-11-22 21:52:40,55000000,0.055,23857336
2025-11-22 21:52:50,55000000,0.055,23857337
2025-11-22 21:53:00,55000000,0.055,23857338
2025-11-22 21:53:10,55000000,0.055,23857339
2025-11-22 21:53:20,55000000,0.055,23857340
2025-11-22 21:53:30,55000000,0.055,23857341
2025-11-22 21:53:40,55000000,0.055,23857342
2025-11-22 21:53:50,55000000,0.055,23857343
2025-11-22 21:54:00,55000000,0.055,23857344
2025-11-22 21:54:10,55000000,0.055,23857345
2025-11-22 21:54:20,55000000,0.055,23857346
2025-11-22 21:54:30,55000000,0.055,23857347
2025-11-22 21:54:40,55000000,0.055,23857348
2025-11-22 21:54:50,55000000,0.055,23857349
2025-11-22 21:55:00,55000000,0.055,23857350
2025-11-22 21:55:10,55000000,0.055,23857351
2025-11-22 21:55:20,55000000,0.055,23857352
2025-11-22 21:55:30,55000000,0.055,23857353
2025-11-22 21:55:40,55000000,0.055,23857354
2025-11-22 21:55:50,55000000,0.055,23857355
2025-11-22 21:56:00,55000000,0.055,23857356
2025-11-22 21:56:10,55000000,0.055,23857357
2025-11-22 21:56:20,55000000,0.055,23857358
2025-11-22 21:56:30,55000000,0.055,23857359
2025-11-22 21:56:40,55000000,0.055,23857360
2025-11-22 21:56:50,55000000,0.055,23857361
2025-11-22 21:57:00,55000000,0.055,23857362
2025-11-22 21:57:10,55000000,0.055,23857363
2025-11-22 21:57:20,55000000,0.055,23857364
2025-11-22 21:57:30,55000000,0.055,23857365
2025-11-22 21:57:40,55000000,0.055,23857366
2025-11-22 21:57:50,55000000,0.055,23857367
2025-11-22 21:58:00,55000000,0.055,23857368
2025-11-22 21:58:10,55000000,0.055,23857369
2025-11-22 21:58:20,55000000,0.055,23857370
2025-11-22 21:58:30,55000000,0.055,23857371
2025-11-22 21:58:40,55000000,0.055,23857372
2025-11-22 21:58:50,55000000,0.055,23857373
2025-11-22 21:59:00,55000000,0.055,23857374
2025-11-22 21:59:10,55000000,0.055,23857375
2025-11-22 21:59:20,55000000,0.055,23857376
2025-11-22 21:59:30,55000000,0.055,23857377
2025-11-22 21:59:40,55000000,0.055,23857378
2025-11-22 21:59:50,55000000,0.055,23857379
2025-11-22 22:00:00,55000000,0.055,23857380
