block_number,timestamp,basefee_wei,basefee_gwei
14768310,2022-05-13 15:58:46,68380418659,68.380418659
14768311,2022-05-13 15:59:00,70483046442,70.483046442
14768312,2022-05-13 15:59:18,75079034043,75.079034043
14768313,2022-05-13 15:59:22,75781411545,75.781411545
14768314,2022-05-13 15:59:29,73103390470,73.10339047
14768315,2022-05-13 15:59:30,65964261430,65.96426143
14768316,2022-05-13 15:59:32,60776511151,60.776511151
14768317,2022-05-13 15:59:35,59043209116,59.043209116
14768318,2022-05-13 15:59:51,66418367218,66.418367218
14768319,2022-05-13 16:00:08,74713226543,74.713226543
14768320,2022-05-13 16:00:39,84039781343,84.039781343
14768321,2022-05-13 16:00:40,80121535090,80.12153509
14768322,2022-05-13 16:01:00,78877593509,78.877593509
14768323,2022-05-13 16:01:12,83389409605,83.389409605
14768324,2022-05-13 16:01:15,75713981506,75.713981506
14768325,2022-05-13 16:01:22,72393129738,72.393129738
14768326,2022-05-13 16:01:34,76854098365,76.854098365
14768327,2022-05-13 16:01:36,69334862654,69.334862654
14768328,2022-05-13 16:01:42,61474924182,61.474924182
14768329,2022-05-13 16:02:08,69157597090,69.15759709
14768330,2022-05-13 16:02:12,69543917190,69.54391719
14768331,2022-05-13 16:02:33,76492817635,76.492817635
14768332,2022-05-13 16:02:43,70072828359,70.072828359
14768333,2022-05-13 16:02:46,68676837158,68.676837158
14768334,2022-05-13 16:03:09,76756421630,76.75642163
14768335,2022-05-13 16:03:16,72837184610,72.83718461
14768336,2022-05-13 16:03:22,71698870522,71.698870522
14768337,2022-05-13 16:03:30,67101737312,67.101737312
14768338,2022-05-13 16:03:37,64731324267,64.731324267
14768339,2022-05-13 16:03:50,63645493689,63.645493689
14768340,2022-05-13 16:03:57,62160455181,62.160455181
14768341,2022-05-13 16:04:20,69901078290,69.90107829
14768342,2022-05-13 16:04:22,63230346077,63.230346077
14768343,2022-05-13 16:04:32,63027910963,63.027910963
14768344,2022-05-13 16:04:52,66925040514,66.925040514
14768345,2022-05-13 16:05:18,75286063900,75.2860639
14768346,2022-05-13 16:06:04,77224765369,77.224765369
14768347,2022-05-13 16:06:10,78512450353,78.512450353
14768348,2022-05-13 16:06:13,76853063959,76.853063959
14768349,2022-05-13 16:06:16,70721593305,70.721593305
14768350,2022-05-13 16:06:34,72730410695,72.730410695
14768351,2022-05-13 16:06:38,64773298546,64.773298546
14768352,2022-05-13 16:06:47,65004624182,65.004624182
14768353,2022-05-13 16:07:03,64316137925,64.316137925
14768354,2022-05-13 16:07:04,56276620685,56.276620685
14768355,2022-05-13 16:07:24,63308751215,63.308751215
14768356,2022-05-13 16:07:26,63008522652,63.008522652
14768357,2022-05-13 16:08:14,70880968668,70.880968668
14768358,2022-05-13 16:08:31,79736335410,79.73633541
14768359,2022-05-13 16:08:41,80055303343,80.055303343
14768360,2022-05-13 16:09:18,83960759954,83.960759954
14768361,2022-05-13 16:09:23,75639984167,75.639984167
14768362,2022-05-13 16:09:39,85093013026,85.093013026
14768363,2022-05-13 16:10:11,95725751155,95.725751155
14768364,2022-05-13 16:10:15,87038356847,87.038356847
14768365,2022-05-13 16:10:17,79387072169,79.387072169
14768366,2022-05-13 16:10:29,81557747609,81.557747609
14768367,2022-05-13 16:10:38,76393392532,76.393392532
14768368,2022-05-13 16:10:46,77946423548,77.946423548
14768369,2022-05-13 16:10:54,74539726041,74.539726041
14768370,2022-05-13 16:11:13,75771982433,75.771982433
14768371,2022-05-13 16:11:19,70131757269,70.131757269
14768372,2022-05-13 16:11:51,78895097882,78.895097882
14768373,2022-05-13 16:11:59,77632624443,77.632624443
14768374,2022-05-13 16:12:11,75176869047,75.176869047
14768375,2022-05-13 16:12:35,83908973744,83.908973744
14768376,2022-05-13 16:12:56,86431670468,86.431670468
14768377,2022-05-13 16:13:48,97230740845,97.230740845
14768378,2022-05-13 16:14:24,109375224991,109.375224991
14768379,2022-05-13 16:14:29,104438654420,104.43865442
14768380,2022-05-13 16:15:05,102048440124,102.048440124
14768381,2022-05-13 16:15:12,103734664610,103.73466461
14768382,2022-05-13 16:15:39,109263555393,109.263555393
14768383,2022-05-13 16:15:40,97681249804,97.681249804
14768384,2022-05-13 16:15:56,94794692725,94.794692725
14768385,2022-05-13 16:15:58,85809298726,85.809298726
14768386,2022-05-13 16:16:01,83630607861,83.630607861
14768387,2022-05-13 16:16:02,74669453405,74.669453405
14768388,2022-05-13 16:16:05,65335771730,65.33577173
14768389,2022-05-13 16:16:22,72939308994,72.939308994
14768390,2022-05-13 16:16:26,65246671110,65.24667111
14768391,2022-05-13 16:16:34,65903839387,65.903839387
14768392,2022-05-13 16:17:04,74130742354,74.130742354
14768393,2022-05-13 16:17:31,82922245620,82.92224562
14768394,2022-05-13 16:17:40,79818020624,79.818020624
14768395,2022-05-13 16:17:48,74794616294,74.794616294
14768396,2022-05-13 16:17:57,72861222833,72.861222833
14768397,2022-05-13 16:17:58,63753569979,63.753569979
14768398,2022-05-13 16:18:16,71463435173,71.463435173
14768399,2022-05-13 16:18:32,73211810144,73.211810144
14768400,2022-05-13 16:18:58,76021414702,76.021414702
14768401,2022-05-13 16:19:13,76098703840,76.09870384
14768402,2022-05-13 16:19:16,67538223034,67.538223034
14768403,2022-05-13 16:19:56,75763285605,75.763285605
14768404,2022-05-13 16:20:08,70509372603,70.509372603
14768405,2022-05-13 16:20:40,73804187448,73.804187448
14768406,2022-05-13 16:20:44,83029215907,83.029215907
14768407,2022-05-13 16:20:58,85653532727,85.653532727
14768408,2022-05-13 16:21:32,96193607376,96.193607376
14768409,2022-05-13 16:21:38,85717801873,85.717801873
14768410,2022-05-13 16:21:53,85619541461,85.619541461
14768411,2022-05-13 16:22:17,88009131690,88.00913169
14768412,2022-05-13 16:22:31,90791541382,90.791541382
14768413,2022-05-13 16:22:32,81464109452,81.464109452
14768414,2022-05-13 16:23:03,89573378873,89.573378873
14768415,2022-05-13 16:23:09,85718264557,85.718264557
14768416,2022-05-13 16:23:22,77244389077,77.244389077
14768417,2022-05-13 16:23:25,72870679619,72.870679619
14768418,2022-05-13 16:23:40,76723693728,76.723693728
14768419,2022-05-13 16:24:03,80735583345,80.735583345
14768420,2022-05-13 16:24:13,74344263247,74.344263247
14768421,2022-05-13 16:24:14,70151434520,70.15143452
14768422,2022-05-13 16:24:21,69447547726,69.447547726
14768423,2022-05-13 16:24:22,61764136523,61.764136523
14768424,2022-05-13 16:24:23,62760660973,62.760660973
14768425,2022-05-13 16:24:24,55460807964,55.460807964
14768426,2022-05-13 16:24:25,49024336412,49.024336412
14768427,2022-05-13 16:24:30,53689578358,53.689578358
14768428,2022-05-13 16:24:33,54893443805,54.893443805
14768429,2022-05-13 16:24:37,49556966230,49.55696623
14768430,2022-05-13 16:24:41,49852184511,49.852184511
14768431,2022-05-13 16:24:54,56080018791,56.080018791
14768432,2022-05-13 16:24:59,50010475560,50.01047556
14768433,2022-05-13 16:25:15,55487106634,55.487106634
14768434,2022-05-13 16:25:37,61805283554,61.805283554
14768435,2022-05-13 16:25:42,58362489371,58.362489371
14768436,2022-05-13 16:25:43,52643297198,52.643297198
14768437,2022-05-13 16:25:53,52434578036,52.434578036
14768438,2022-05-13 16:26:03,47879480574,47.879480574
14768439,2022-05-13 16:26:26,44849890281,44.849890281
14768440,2022-05-13 16:26:28,50452392065,50.452392065
14768441,2022-05-13 16:26:39,56048750919,56.048750919
14768442,2022-05-13 16:26:44,50823516126,50.823516126
14768443,2022-05-13 16:27:03,57176136300,57.1761363
14768444,2022-05-13 16:27:04,54138166168,54.138166168
14768445,2022-05-13 16:27:46,60899089454,60.899089454
14768446,2022-05-13 16:28:00,68504839535,68.504839535
14768447,2022-05-13 16:28:17,73218965628,73.218965628
14768448,2022-05-13 16:28:22,68355148723,68.355148723
14768449,2022-05-13 16:28:36,63248594173,63.248594173
14768450,2022-05-13 16:28:58,71148667269,71.148667269
14768451,2022-05-13 16:29:21,80033287122,80.033287122
14768452,2022-05-13 16:29:23,74422935021,74.422935021
14768453,2022-05-13 16:29:35,73015934704,73.015934704
14768454,2022-05-13 16:29:36,63888942866,63.888942866
14768455,2022-05-13 16:30:00,57737511003,57.737511003
14768456,2022-05-13 16:30:02,64952769520,64.95276952
14768457,2022-05-13 16:31:10,73067791006,73.067791006
14768458,2022-05-13 16:31:19,82198730647,82.198730647
14768459,2022-05-13 16:31:23,75538566167,75.538566167
14768460,2022-05-13 16:31:43,77840462965,77.840462965
14768461,2022-05-13 16:31:45,70678912514,70.678912514
14768462,2022-05-13 16:31:51,79513294783,79.513294783
14768463,2022-05-13 16:31:57,75321807073,75.321807073
14768464,2022-05-13 16:32:23,73400925922,73.400925922
14768465,2022-05-13 16:32:59,82564826037,82.564826037
14768466,2022-05-13 16:33:27,92876007241,92.876007241
14768467,2022-05-13 16:33:41,100506259593,100.506259593
14768468,2022-05-13 16:33:45,88356242866,88.356242866
14768469,2022-05-13 16:33:47,83742352022,83.742352022
14768470,2022-05-13 16:34:14,91919765466,91.919765466
14768471,2022-05-13 16:34:15,80429794783,80.429794783
14768472,2022-05-13 16:34:19,79684232704,79.684232704
14768473,2022-05-13 16:34:46,89323377748,89.323377748
14768474,2022-05-13 16:35:00,88091551310,88.09155131
14768475,2022-05-13 16:35:04,81714868121,81.714868121
14768476,2022-05-13 16:35:46,72853941391,72.853941391
14768477,2022-05-13 16:35:55,81957667394,81.957667394
14768478,2022-05-13 16:36:00,89445439567,89.445439567
14768479,2022-05-13 16:36:34,95541105383,95.541105383
14768480,2022-05-13 16:37:01,107479967286,107.479967286
14768481,2022-05-13 16:37:05,99188874631,99.188874631
14768482,2022-05-13 16:37:22,101050236520,101.05023652
14768483,2022-05-13 16:37:23,96332124348,96.332124348
14768484,2022-05-13 16:37:52,106023296610,106.02329661
14768485,2022-05-13 16:38:05,107247424897,107.247424897
14768486,2022-05-13 16:38:17,102717210492,102.717210492
14768487,2022-05-13 16:38:21,94978649074,94.978649074
14768488,2022-05-13 16:38:27,93083934667,93.083934667
14768489,2022-05-13 16:38:35,90697944534,90.697944534
14768490,2022-05-13 16:38:46,86303766358,86.303766358
14768491,2022-05-13 16:38:48,79272742294,79.272742294
14768492,2022-05-13 16:38:49,76742578620,76.74257862
14768493,2022-05-13 16:38:52,69900302318,69.900302318
14768494,2022-05-13 16:39:44,78635032199,78.635032199
14768495,2022-05-13 16:40:02,88462296346,88.462296346
14768496,2022-05-13 16:40:04,77404509303,77.404509303
14768497,2022-05-13 16:40:12,87078876174,87.078876174
14768498,2022-05-13 16:40:19,87346337393,87.346337393
14768499,2022-05-13 16:40:35,89095766613,89.095766613
14768500,2022-05-13 16:40:37,80990807881,80.990807881
14768501,2022-05-13 16:40:55,86475680870,86.47568087
14768502,2022-05-13 16:41:03,78753967580,78.75396758
14768503,2022-05-13 16:41:07,78747424098,78.747424098
14768504,2022-05-13 16:41:16,69517956482,69.517956482
14768505,2022-05-13 16:41:23,74242271672,74.242271672
14768506,2022-05-13 16:41:26,71154211402,71.154211402
14768507,2022-05-13 16:41:38,65158354343,65.158354343
14768508,2022-05-13 16:41:49,65942570431,65.942570431
14768509,2022-05-13 16:42:04,70794411009,70.794411009
14768510,2022-05-13 16:42:43,79641232689,79.641232689
14768511,2022-05-13 16:43:07,89583903419,89.583903419
14768512,2022-05-13 16:44:05,100773845949,100.773845949
14768513,2022-05-13 16:44:11,100790654600,100.7906546
14768514,2022-05-13 16:44:12,89340046711,89.340046711
14768515,2022-05-13 16:44:22,86194484236,86.194484236
14768516,2022-05-13 16:44:27,83142256408,83.142256408
14768517,2022-05-13 16:44:52,73994186008,73.994186008
14768518,2022-05-13 16:44:59,83241109322,83.241109322
14768519,2022-05-13 16:45:11,78344070932,78.344070932
14768520,2022-05-13 16:45:37,88131093658,88.131093658
14768521,2022-05-13 16:45:43,85719156278,85.719156278
14768522,2022-05-13 16:45:52,81339701724,81.339701724
14768523,2022-05-13 16:45:55,72707991549,72.707991549
14768524,2022-05-13 16:46:01,70785331110,70.78533111
14768525,2022-05-13 16:46:13,70545212808,70.545212808
14768526,2022-05-13 16:46:19,67858411805,67.858411805
14768527,2022-05-13 16:46:26,66793971752,66.793971752
14768528,2022-05-13 16:46:46,69061176790,69.06117679
14768529,2022-05-13 16:46:53,67625979067,67.625979067
14768530,2022-05-13 16:47:28,76077086088,76.077086088
14768531,2022-05-13 16:47:35,75118953515,75.118953515
14768532,2022-05-13 16:48:31,84497575177,84.497575177
14768533,2022-05-13 16:48:55,95058955967,95.058955967
14768534,2022-05-13 16:49:21,106919143455,106.919143455
14768535,2022-05-13 16:49:49,109576382652,109.576382652
14768536,2022-05-13 16:49:59,102165594010,102.16559401
14768537,2022-05-13 16:50:02,95763872348,95.763872348
14768538,2022-05-13 16:50:03,83793388305,83.793388305
14768539,2022-05-13 16:50:12,87783494688,87.783494688
14768540,2022-05-13 16:50:21,84081081689,84.081081689
14768541,2022-05-13 16:51:30,94580125583,94.580125583
14768542,2022-05-13 16:51:35,106401634001,106.401634001
14768543,2022-05-13 16:52:00,110460460878,110.460460878
14768544,2022-05-13 16:52:04,103504032015,103.504032015
14768545,2022-05-13 16:52:37,99621151570,99.62115157
14768546,2022-05-13 16:52:38,99083790849,99.083790849
14768547,2022-05-13 16:52:52,98170695708,98.170695708
14768548,2022-05-13 16:53:19,110414615232,110.414615232
14768549,2022-05-13 16:53:27,104483271839,104.483271839
14768550,2022-05-13 16:53:58,96114342517,96.114342517
14768551,2022-05-13 16:53:59,90292984333,90.292984333
14768552,2022-05-13 16:54:02,95586074950,95.58607495
14768553,2022-05-13 16:54:14,90481283735,90.481283735
14768554,2022-05-13 16:54:44,97075352902,97.075352902
14768555,2022-05-13 16:55:02,103525756897,103.525756897
14768556,2022-05-13 16:55:14,101799028368,101.799028368
14768557,2022-05-13 16:55:17,90028529287,90.028529287
14768558,2022-05-13 16:55:38,92095816027,92.095816027
14768559,2022-05-13 16:56:16,103598812912,103.598812912
14768560,2022-05-13 16:56:22,98491920653,98.491920653
14768561,2022-05-13 16:56:24,90358986891,90.358986891
14768562,2022-05-13 16:56:31,86364173197,86.364173197
14768563,2022-05-13 16:57:03,97145397257,97.145397257
14768564,2022-05-13 16:57:28,107848572710,107.84857271
14768565,2022-05-13 16:58:28,121312138657,121.312138657
14768566,2022-05-13 16:58:52,135045405291,135.045405291
14768567,2022-05-13 16:58:53,118164729630,118.16472963
14768568,2022-05-13 16:59:01,112021360108,112.021360108
14768569,2022-05-13 16:59:03,101045714044,101.045714044
14768570,2022-05-13 16:59:51,113659552807,113.659552807
14768571,2022-05-13 17:00:06,115122421638,115.122421638
14768572,2022-05-13 17:00:30,122509655710,122.50965571
14768573,2022-05-13 17:00:32,108489977174,108.489977174
14768574,2022-05-13 17:00:52,114777003664,114.777003664
14768575,2022-05-13 17:00:53,101801998293,101.801998293
14768576,2022-05-13 17:01:06,90154376492,90.154376492
14768577,2022-05-13 17:01:11,98904827138,98.904827138
14768578,2022-05-13 17:01:12,86541723746,86.541723746
14768579,2022-05-13 17:01:32,93153658561,93.153658561
14768580,2022-05-13 17:02:07,104786237488,104.786237488
14768581,2022-05-13 17:02:28,110752454440,110.75245444
14768582,2022-05-13 17:02:30,97675070398,97.675070398
14768583,2022-05-13 17:02:46,95982929669,95.982929669
14768584,2022-05-13 17:02:48,85128407320,85.12840732
14768585,2022-05-13 17:03:14,95225230198,95.225230198
14768586,2022-05-13 17:03:19,86430594822,86.430594822
14768587,2022-05-13 17:03:21,78647611890,78.64761189
14768588,2022-05-13 17:03:38,85192752008,85.192752008
14768589,2022-05-13 17:03:47,82048030097,82.048030097
14768590,2022-05-13 17:03:52,77865867167,77.865867167
14768591,2022-05-13 17:04:28,87578163389,87.578163389
14768592,2022-05-13 17:05:04,98515196655,98.515196655
14768593,2022-05-13 17:05:19,88386165838,88.386165838
14768594,2022-05-13 17:05:26,89884843801,89.884843801
14768595,2022-05-13 17:05:27,80693809317,80.693809317
14768596,2022-05-13 17:05:44,82192026199,82.192026199
14768597,2022-05-13 17:05:46,71918022925,71.918022925
14768598,2022-05-13 17:06:01,78298161355,78.298161355
14768599,2022-05-13 17:06:22,80182696966,80.182696966
14768600,2022-05-13 17:06:35,81285816433,81.285816433
14768601,2022-05-13 17:07:01,88978911460,88.97891146
14768602,2022-05-13 17:07:17,90854810102,90.854810102
14768603,2022-05-13 17:07:41,95137315043,95.137315043
14768604,2022-05-13 17:08:03,95814082938,95.814082938
14768605,2022-05-13 17:08:07,88049478929,88.049478929
14768606,2022-05-13 17:08:11,78567333689,78.567333689
14768607,2022-05-13 17:08:12,74164568933,74.164568933
14768608,2022-05-13 17:08:23,73220478870,73.22047887
14768609,2022-05-13 17:08:37,74075898658,74.075898658
14768610,2022-05-13 17:08:46,70846379108,70.846379108
14768611,2022-05-13 17:08:53,65643804702,65.643804702
14768612,2022-05-13 17:09:15,73845580275,73.845580275
14768613,2022-05-13 17:09:19,68879013260,68.87901326
14768614,2022-05-13 17:09:35,72741601702,72.741601702
14768615,2022-05-13 17:09:57,81028419547,81.028419547
14768616,2022-05-13 17:09:58,73646811347,73.646811347
14768617,2022-05-13 17:09:59,66538238711,66.538238711
14768618,2022-05-13 17:10:00,61236489901,61.236489901
14768619,2022-05-13 17:10:02,54674461195,54.674461195
14768620,2022-05-13 17:10:17,61504844375,61.504844375
14768621,2022-05-13 17:10:18,58222365184,58.222365184
14768622,2022-05-13 17:10:21,54260048019,54.260048019
14768623,2022-05-13 17:10:22,47477542017,47.477542017
14768624,2022-05-13 17:10:24,53411792396,53.411792396
14768625,2022-05-13 17:10:27,50198587658,50.198587658
14768626,2022-05-13 17:11:08,56473397310,56.47339731
14768627,2022-05-13 17:11:57,63526472376,63.526472376
14768628,2022-05-13 17:12:03,58469116147,58.469116147
14768629,2022-05-13 17:12:06,65769423329,65.769423329
14768630,2022-05-13 17:12:08,69612900735,69.612900735
14768631,2022-05-13 17:12:11,61783928202,61.783928202
14768632,2022-05-13 17:12:16,64972205502,64.972205502
14768633,2022-05-13 17:12:36,68112865649,68.112865649
14768634,2022-05-13 17:13:13,76623867710,76.62386771
14768635,2022-05-13 17:13:20,75460621285,75.460621285
14768636,2022-05-13 17:13:48,84602500107,84.602500107
14768637,2022-05-13 17:14:05,86760060560,86.76006056
14768638,2022-05-13 17:14:15,86464615818,86.464615818
14768639,2022-05-13 17:14:41,91801348808,91.801348808
14768640,2022-05-13 17:15:03,88724103336,88.724103336
14768641,2022-05-13 17:15:31,99810909803,99.810909803
14768642,2022-05-13 17:15:39,98574873804,98.574873804
14768643,2022-05-13 17:15:40,87345970263,87.345970263
14768644,2022-05-13 17:15:50,80685859834,80.685859834
14768645,2022-05-13 17:15:57,78901785189,78.901785189
14768646,2022-05-13 17:16:03,73970392024,73.970392024
14768647,2022-05-13 17:16:10,69795031280,69.79503128
14768648,2022-05-13 17:16:11,63750907861,63.750907861
14768649,2022-05-13 17:16:26,65661856554,65.661856554
14768650,2022-05-13 17:16:54,73865599665,73.865599665
14768651,2022-05-13 17:17:16,80182809191,80.182809191
14768652,2022-05-13 17:17:20,78047820286,78.047820286
14768653,2022-05-13 17:17:37,79817332825,79.817332825
14768654,2022-05-13 17:17:40,70879875747,70.879875747
14768655,2022-05-13 17:17:41,65139638845,65.139638845
14768656,2022-05-13 17:17:54,65297638838,65.297638838
14768657,2022-05-13 17:18:15,70428817706,70.428817706
14768658,2022-05-13 17:18:16,65718057115,65.718057115
14768659,2022-05-13 17:18:54,73932618933,73.932618933
14768660,2022-05-13 17:19:20,83145716838,83.145716838
14768661,2022-05-13 17:19:46,88339164288,88.339164288
14768662,2022-05-13 17:20:12,99339529482,99.339529482
14768663,2022-05-13 17:20:14,89331840391,89.331840391
14768664,2022-05-13 17:20:22,81740310269,81.740310269
14768665,2022-05-13 17:20:24,84365461397,84.365461397
14768666,2022-05-13 17:21:10,94898539835,94.898539835
14768667,2022-05-13 17:21:34,106760763298,106.760763298
14768668,2022-05-13 17:22:23,120090556830,120.09055683
14768669,2022-05-13 17:22:27,108501382671,108.501382671
14768670,2022-05-13 17:22:51,113180401722,113.180401722
14768671,2022-05-13 17:22:57,103071440430,103.07144043
14768672,2022-05-13 17:22:59,103428954028,103.428954028
14768673,2022-05-13 17:23:31,110914749552,110.914749552
14768674,2022-05-13 17:23:41,102041488430,102.04148843
14768675,2022-05-13 17:23:54,101146123704,101.146123704
14768676,2022-05-13 17:24:25,105696871862,105.696871862
14768677,2022-05-13 17:24:40,102834394405,102.834394405
14768678,2022-05-13 17:24:41,91448565115,91.448565115
14768679,2022-05-13 17:24:42,84283419149,84.283419149
14768680,2022-05-13 17:24:47,76360683633,76.360683633
14768681,2022-05-13 17:24:48,73810382522,73.810382522
14768682,2022-05-13 17:25:10,80197253765,80.197253765
14768683,2022-05-13 17:25:22,75920445830,75.92044583
14768684,2022-05-13 17:25:33,75302047860,75.30204786
14768685,2022-05-13 17:25:41,71033367415,71.033367415
14768686,2022-05-13 17:26:14,76320263746,76.320263746
14768687,2022-05-13 17:26:41,83750726310,83.75072631
14768688,2022-05-13 17:26:58,84928600014,84.928600014
14768689,2022-05-13 17:27:09,81550476482,81.550476482
14768690,2022-05-13 17:27:14,71869736169,71.869736169
14768691,2022-05-13 17:27:41,79932974035,79.932974035
14768692,2022-05-13 17:27:51,76600589908,76.600589908
14768693,2022-05-13 17:27:55,70829828729,70.829828729
14768694,2022-05-13 17:28:19,79513223353,79.513223353
14768695,2022-05-13 17:28:27,72784577685,72.784577685
14768696,2022-05-13 17:28:31,67074618156,67.074618156
14768697,2022-05-13 17:28:33,61802164696,61.802164696
14768698,2022-05-13 17:28:36,64331736052,64.331736052
14768699,2022-05-13 17:29:02,70436158509,70.436158509
14768700,2022-05-13 17:29:15,68150865564,68.150865564
14768701,2022-05-13 17:29:23,66045294164,66.045294164
14768702,2022-05-13 17:29:29,59065979168,59.065979168
14768703,2022-05-13 17:29:35,58938059863,58.938059863
14768704,2022-05-13 17:29:36,52771782244,52.771782244
14768705,2022-05-13 17:29:50,57689389288,57.689389288
14768706,2022-05-13 17:30:13,64883465736,64.883465736
14768707,2022-05-13 17:30:21,64688511414,64.688511414
14768708,2022-05-13 17:30:37,66503956290,66.50395629
14768709,2022-05-13 17:30:44,62664310893,62.664310893
14768710,2022-05-13 17:30:49,56302054584,56.302054584
14768711,2022-05-13 17:30:56,56290664540,56.29066454
14768712,2022-05-13 17:30:58,52723330926,52.723330926
14768713,2022-05-13 17:31:11,53097003814,53.097003814
14768714,2022-05-13 17:31:25,53526255437,53.526255437
14768715,2022-05-13 17:31:28,47694275047,47.694275047
14768716,2022-05-13 17:31:53,53652078140,53.65207814
14768717,2022-05-13 17:32:05,60349881060,60.34988106
14768718,2022-05-13 17:32:08,60768752561,60.768752561
14768719,2022-05-13 17:32:14,58546285401,58.546285401
14768720,2022-05-13 17:32:23,53026478677,53.026478677
14768721,2022-05-13 17:32:43,59654660047,59.654660047
14768722,2022-05-13 17:33:02,59428147597,59.428147597
14768723,2022-05-13 17:33:05,54951088975,54.951088975
14768724,2022-05-13 17:33:12,54523935885,54.523935885
14768725,2022-05-13 17:33:39,59949675513,59.949675513
14768726,2022-05-13 17:33:46,58689003140,58.68900314
14768727,2022-05-13 17:33:58,59748599926,59.748599926
14768728,2022-05-13 17:34:06,58874440110,58.87444011
14768729,2022-05-13 17:34:21,59466046364,59.466046364
14768730,2022-05-13 17:34:25,52592284681,52.592284681
14768731,2022-05-13 17:34:30,52151800599,52.151800599
14768732,2022-05-13 17:34:32,47175030467,47.175030467
14768733,2022-05-13 17:34:35,47103300371,47.103300371
14768734,2022-05-13 17:34:52,51241814702,51.241814702
14768735,2022-05-13 17:35:13,57636627921,57.636627921
14768736,2022-05-13 17:35:21,55678867290,55.67886729
14768737,2022-05-13 17:35:49,60248068623,60.248068623
14768738,2022-05-13 17:35:59,56147021252,56.147021252
14768739,2022-05-13 17:36:02,50479765983,50.479765983
14768740,2022-05-13 17:36:12,51436474913,51.436474913
14768741,2022-05-13 17:36:13,45545261269,45.545261269
14768742,2022-05-13 17:36:15,44306585776,44.306585776
14768743,2022-05-13 17:36:29,46760846451,46.760846451
14768744,2022-05-13 17:37:13,52603911146,52.603911146
14768745,2022-05-13 17:37:56,59170425373,59.170425373
14768746,2022-05-13 17:38:12,61725456607,61.725456607
14768747,2022-05-13 17:38:24,59573371815,59.573371815
14768748,2022-05-13 17:38:29,55824760088,55.824760088
14768749,2022-05-13 17:38:44,62796243994,62.796243994
14768750,2022-05-13 17:38:52,60742173660,60.74217366
14768751,2022-05-13 17:38:56,55765208994,55.765208994
14768752,2022-05-13 17:39:09,62735656773,62.735656773
14768753,2022-05-13 17:39:19,61022886559,61.022886559
14768754,2022-05-13 17:39:35,57441616584,57.441616584
14768755,2022-05-13 17:39:54,64609807136,64.609807136
14768756,2022-05-13 17:40:27,72684917970,72.68491797
14768757,2022-05-13 17:40:38,69600615507,69.600615507
14768758,2022-05-13 17:40:41,65279401270,65.27940127
14768759,2022-05-13 17:40:48,64623642329,64.623642329
14768760,2022-05-13 17:41:08,70862435899,70.862435899
14768761,2022-05-13 17:41:22,72422302699,72.422302699
14768762,2022-05-13 17:41:24,64814816581,64.814816581
14768763,2022-05-13 17:41:33,64316338250,64.31633825
14768764,2022-05-13 17:42:27,72347609986,72.347609986
14768765,2022-05-13 17:42:56,81378456119,81.378456119
14768766,2022-05-13 17:43:17,91528644447,91.528644447
14768767,2022-05-13 17:43:58,98908210052,98.908210052
14768768,2022-05-13 17:44:07,91506402614,91.506402614
14768769,2022-05-13 17:44:08,85092464309,85.092464309
14768770,2022-05-13 17:44:23,81745780014,81.745780014
14768771,2022-05-13 17:44:33,84831312628,84.831312628
14768772,2022-05-13 17:44:44,81007540455,81.007540455
14768773,2022-05-13 17:44:58,78689240197,78.689240197
14768774,2022-05-13 17:45:03,72579149222,72.579149222
14768775,2022-05-13 17:45:09,66674037667,66.674037667
14768776,2022-05-13 17:45:16,68201751074,68.201751074
14768777,2022-05-13 17:45:23,63163473455,63.163473455
14768778,2022-05-13 17:45:42,69117146770,69.11714677
14768779,2022-05-13 17:45:47,67653019243,67.653019243
14768780,2022-05-13 17:46:10,72551157723,72.551157723
14768781,2022-05-13 17:46:31,80460974665,80.460974665
14768782,2022-05-13 17:46:35,76598835203,76.598835203
14768783,2022-05-13 17:46:59,77008808127,77.008808127
14768784,2022-05-13 17:47:13,77372864700,77.3728647
14768785,2022-05-13 17:47:30,81026470599,81.026470599
14768786,2022-05-13 17:47:43,78896658760,78.89665876
14768787,2022-05-13 17:47:44,72032586331,72.032586331
14768788,2022-05-13 17:48:02,77241432525,77.241432525
14768789,2022-05-13 17:48:16,77879432544,77.879432544
14768790,2022-05-13 17:48:50,87598053643,87.598053643
14768791,2022-05-13 17:48:58,78798284587,78.798284587
14768792,2022-05-13 17:49:02,77819920514,77.819920514
14768793,2022-05-13 17:49:12,77137010516,77.137010516
14768794,2022-05-13 17:49:28,76461271663,76.461271663
14768795,2022-05-13 17:49:34,71281552934,71.281552934
14768796,2022-05-13 17:50:02,73795146768,73.795146768
14768797,2022-05-13 17:50:05,71667192780,71.66719278
14768798,2022-05-13 17:50:12,69135674497,69.135674497
14768799,2022-05-13 17:50:51,77771144849,77.771144849
14768800,2022-05-13 17:50:56,77633039499,77.633039499
14768801,2022-05-13 17:51:04,74311681991,74.311681991
14768802,2022-05-13 17:51:12,70405016845,70.405016845
14768803,2022-05-13 17:51:22,67230674036,67.230674036
14768804,2022-05-13 17:52:04,75632240375,75.632240375
14768805,2022-05-13 17:52:16,76624710583,76.624710583
14768806,2022-05-13 17:52:29,76134136962,76.134136962
14768807,2022-05-13 17:53:04,85231917220,85.23191722
14768808,2022-05-13 17:53:05,76123887281,76.123887281
14768809,2022-05-13 17:53:09,70026970998,70.026970998
14768810,2022-05-13 17:53:18,62645501514,62.645501514
14768811,2022-05-13 17:53:43,70473263904,70.473263904
14768812,2022-05-13 17:53:50,68084234353,68.084234353
14768813,2022-05-13 17:53:52,64389877219,64.389877219
14768814,2022-05-13 17:54:09,69292927053,69.292927053
14768815,2022-05-13 17:54:26,70248824456,70.248824456
14768816,2022-05-13 17:55:08,79020982496,79.020982496
14768817,2022-05-13 17:56:42,87602750093,87.602750093
14768818,2022-05-13 17:56:46,98544205095,98.544205095
14768819,2022-05-13 17:56:57,94040571616,94.040571616
14768820,2022-05-13 17:57:00,82603128782,82.603128782
14768821,2022-05-13 17:57:02,86365568391,86.365568391
14768822,2022-05-13 17:57:04,76739170015,76.739170015
14768823,2022-05-13 17:57:17,72408081604,72.408081604
14768824,2022-05-13 17:57:21,72020446146,72.020446146
14768825,2022-05-13 17:57:34,70083500286,70.083500286
14768826,2022-05-13 17:57:50,73945125096,73.945125096
14768827,2022-05-13 17:57:58,66255331216,66.255331216
14768828,2022-05-13 17:57:59,68075905818,68.075905818
14768829,2022-05-13 17:58:10,65226203571,65.226203571
14768830,2022-05-13 17:58:31,71155895092,71.155895092
14768831,2022-05-13 17:58:32,65679763583,65.679763583
14768832,2022-05-13 17:58:41,62349588868,62.349588868
14768833,2022-05-13 17:58:49,62625714685,62.625714685
14768834,2022-05-13 17:58:53,56702911512,56.702911512
14768835,2022-05-13 17:58:59,62077878413,62.077878413
14768836,2022-05-13 17:59:01,57064905119,57.064905119
14768837,2022-05-13 17:59:17,61162320542,61.162320542
14768838,2022-05-13 17:59:26,60146152093,60.146152093
14768839,2022-05-13 17:59:46,60143327213,60.143327213
14768840,2022-05-13 17:59:56,60611383328,60.611383328
14768841,2022-05-13 17:59:58,54977935910,54.97793591
14768842,2022-05-13 18:00:06,57236601323,57.236601323
14768843,2022-05-13 18:00:54,63580049900,63.5800499
14768844,2022-05-13 18:00:59,71524506085,71.524506085
14768845,2022-05-13 18:01:27,69904394046,69.904394046
14768846,2022-05-13 18:01:34,76048950087,76.048950087
14768847,2022-05-13 18:01:36,70596279024,70.596279024
14768848,2022-05-13 18:01:41,65094650405,65.094650405
14768849,2022-05-13 18:01:54,70235022517,70.235022517
14768850,2022-05-13 18:02:15,76401488478,76.401488478
14768851,2022-05-13 18:02:30,75816044883,75.816044883
14768852,2022-05-13 18:02:36,70682309877,70.682309877
14768853,2022-05-13 18:03:05,76918674428,76.918674428
14768854,2022-05-13 18:03:15,74930916472,74.930916472
14768855,2022-05-13 18:03:18,65977938287,65.977938287
14768856,2022-05-13 18:03:34,73777565873,73.777565873
14768857,2022-05-13 18:03:37,65535388653,65.535388653
14768858,2022-05-13 18:03:40,59596081179,59.596081179
14768859,2022-05-13 18:04:13,67044771382,67.044771382
14768860,2022-05-13 18:04:56,75422259473,75.422259473
14768861,2022-05-13 18:05:24,84849413417,84.849413417
14768862,2022-05-13 18:05:26,83606077353,83.606077353
14768863,2022-05-13 18:05:30,74272873916,74.272873916
14768864,2022-05-13 18:05:36,82288523402,82.288523402
14768865,2022-05-13 18:05:41,74211901402,74.211901402
14768866,2022-05-13 18:05:59,79797376598,79.797376598
14768867,2022-05-13 18:06:13,75459434937,75.459434937
14768868,2022-05-13 18:06:37,84445252930,84.44525293
14768869,2022-05-13 18:06:40,76828771047,76.828771047
14768870,2022-05-13 18:06:52,79461227632,79.461227632
14768871,2022-05-13 18:07:16,83172014388,83.172014388
14768872,2022-05-13 18:07:17,72775512590,72.77551259
14768873,2022-05-13 18:07:37,79781181340,79.78118134
14768874,2022-05-13 18:08:02,83774323194,83.774323194
14768875,2022-05-13 18:08:05,78090355350,78.09035535
14768876,2022-05-13 18:08:06,69178272545,69.178272545
14768877,2022-05-13 18:08:19,69369670715,69.369670715
14768878,2022-05-13 18:08:22,63362215076,63.362215076
14768879,2022-05-13 18:08:59,71281322752,71.281322752
14768880,2022-05-13 18:09:03,70662248819,70.662248819
14768881,2022-05-13 18:09:04,62867711147,62.867711147
14768882,2022-05-13 18:09:14,62768503804,62.768503804
14768883,2022-05-13 18:09:20,56013438925,56.013438925
14768884,2022-05-13 18:09:24,52071680143,52.071680143
14768885,2022-05-13 18:09:25,45562720126,45.562720126
14768886,2022-05-13 18:10:07,51252455536,51.252455536
14768887,2022-05-13 18:10:10,57654560775,57.654560775
14768888,2022-05-13 18:10:17,62762611684,62.762611684
14768889,2022-05-13 18:10:22,57999712421,57.999712421
14768890,2022-05-13 18:10:51,60483577655,60.483577655
14768891,2022-05-13 18:10:58,65965938123,65.965938123
14768892,2022-05-13 18:11:15,70875110594,70.875110594
14768893,2022-05-13 18:11:54,79380737581,79.380737581
14768894,2022-05-13 18:12:28,85763652728,85.763652728
14768895,2022-05-13 18:12:55,90755644328,90.755644328
14768896,2022-05-13 18:13:00,82463756929,82.463756929
14768897,2022-05-13 18:13:01,76405892447,76.405892447
14768898,2022-05-13 18:13:26,82357537586,82.357537586
14768899,2022-05-13 18:13:27,73159962403,73.159962403
14768900,2022-05-13 18:13:36,70756808226,70.756808226
14768901,2022-05-13 18:13:41,67061013265,67.061013265
14768902,2022-05-13 18:13:42,60859150148,60.859150148
14768903,2022-05-13 18:13:47,57428015350,57.42801535
14768904,2022-05-13 18:13:49,54888945244,54.888945244
14768905,2022-05-13 18:13:50,51386953236,51.386953236
14768906,2022-05-13 18:13:53,46130743659,46.130743659
14768907,2022-05-13 18:13:55,47643441092,47.643441092
14768908,2022-05-13 18:14:17,52392533741,52.392533741
14768909,2022-05-13 18:14:27,52278610627,52.278610627
14768910,2022-05-13 18:15:26,58806412010,58.80641201
14768911,2022-05-13 18:15:41,66154161948,66.154161948
14768912,2022-05-13 18:15:53,71002843450,71.00284345
14768913,2022-05-13 18:15:59,63807095456,63.807095456
14768914,2022-05-13 18:16:13,65216587318,65.216587318
14768915,2022-05-13 18:16:15,58317194904,58.317194904
14768916,2022-05-13 18:17:12,65602265881,65.602265881
14768917,2022-05-13 18:17:20,73070334264,73.070334264
14768918,2022-05-13 18:17:42,71656283538,71.656283538
14768919,2022-05-13 18:17:44,66656573222,66.656573222
14768920,2022-05-13 18:17:46,59424430569,59.424430569
14768921,2022-05-13 18:18:03,63731401875,63.731401875
14768922,2022-05-13 18:18:21,66825123004,66.825123004
14768923,2022-05-13 18:18:28,62259948740,62.25994874
14768924,2022-05-13 18:18:34,58724266890,58.72426689
14768925,2022-05-13 18:18:54,60273414088,60.273414088
14768926,2022-05-13 18:19:05,55930765334,55.930765334
14768927,2022-05-13 18:19:20,57305567206,57.305567206
14768928,2022-05-13 18:19:31,52383829857,52.383829857
14768929,2022-05-13 18:20:16,58928269624,58.928269624
14768930,2022-05-13 18:20:20,61147943836,61.147943836
14768931,2022-05-13 18:20:22,54565362587,54.565362587
14768932,2022-05-13 18:20:54,61379708520,61.37970852
14768933,2022-05-13 18:21:03,57810747264,57.810747264
14768934,2022-05-13 18:21:05,52889170591,52.889170591
14768935,2022-05-13 18:21:07,47290659034,47.290659034
14768936,2022-05-13 18:21:09,42821272801,42.821272801
14768937,2022-05-13 18:21:26,48173499632,48.173499632
14768938,2022-05-13 18:21:49,48601736657,48.601736657
14768939,2022-05-13 18:21:56,47276703286,47.276703286
14768940,2022-05-13 18:22:03,53180707030,53.18070703
14768941,2022-05-13 18:22:08,50369977701,50.369977701
14768942,2022-05-13 18:22:11,46439272122,46.439272122
14768943,2022-05-13 18:22:26,50125696619,50.125696619
14768944,2022-05-13 18:22:49,55365069184,55.365069184
14768945,2022-05-13 18:22:53,49614154576,49.614154576
14768946,2022-05-13 18:23:14,51572714416,51.572714416
14768947,2022-05-13 18:23:24,54333954259,54.333954259
14768948,2022-05-13 18:23:50,57740197393,57.740197393
14768949,2022-05-13 18:24:18,60565231327,60.565231327
14768950,2022-05-13 18:24:30,57716521951,57.716521951
14768951,2022-05-13 18:24:48,61072741550,61.07274155
14768952,2022-05-13 18:24:54,54144127577,54.144127577
14768953,2022-05-13 18:25:00,54880518546,54.880518546
14768954,2022-05-13 18:25:08,48494842303,48.494842303
14768955,2022-05-13 18:25:15,49495570149,49.495570149
14768956,2022-05-13 18:25:48,55678296098,55.678296098
14768957,2022-05-13 18:26:14,62560077744,62.560077744
14768958,2022-05-13 18:26:18,56923565927,56.923565927
14768959,2022-05-13 18:26:29,54936135638,54.936135638
14768960,2022-05-13 18:26:32,49368060263,49.368060263
14768961,2022-05-13 18:26:39,45724247344,45.724247344
14768962,2022-05-13 18:26:47,47469371477,47.469371477
14768963,2022-05-13 18:26:51,41535700043,41.535700043
14768964,2022-05-13 18:27:08,46663536588,46.663536588
14768965,2022-05-13 18:27:10,40830594515,40.830594515
14768966,2022-05-13 18:27:24,45933782951,45.933782951
14768967,2022-05-13 18:27:37,51673867510,51.67386751
14768968,2022-05-13 18:28:24,58131503628,58.131503628
14768969,2022-05-13 18:28:52,59382313862,59.382313862
14768970,2022-05-13 18:29:31,66804931054,66.804931054
14768971,2022-05-13 18:29:35,64130028213,64.130028213
14768972,2022-05-13 18:29:40,58926385429,58.926385429
14768973,2022-05-13 18:29:45,55245101907,55.245101907
14768974,2022-05-13 18:29:48,56671394027,56.671394027
14768975,2022-05-13 18:30:01,56585243119,56.585243119
14768976,2022-05-13 18:30:06,52708634622,52.708634622
14768977,2022-05-13 18:30:14,49981641404,49.981641404
14768978,2022-05-13 18:30:52,56228067049,56.228067049
14768979,2022-05-13 18:30:55,63256565121,63.256565121
14768980,2022-05-13 18:31:01,60251036439,60.251036439
14768981,2022-05-13 18:31:07,55090450460,55.09045046
14768982,2022-05-13 18:31:19,50545880863,50.545880863
14768983,2022-05-13 18:31:28,50007237842,50.007237842
14768984,2022-05-13 18:31:34,47717395170,47.71739517
14768985,2022-05-13 18:32:21,53674950926,53.674950926
14768986,2022-05-13 18:32:28,60383764703,60.383764703
14768987,2022-05-13 18:32:53,60608482883,60.608482883
14768988,2022-05-13 18:33:00,64220847961,64.220847961
14768989,2022-05-13 18:33:15,61725852132,61.725852132
14768990,2022-05-13 18:33:18,54373917206,54.373917206
14768991,2022-05-13 18:33:25,52733871598,52.733871598
14768992,2022-05-13 18:33:31,50655192498,50.655192498
14768993,2022-05-13 18:33:37,46048302236,46.048302236
14768994,2022-05-13 18:33:41,45909130836,45.909130836
14768995,2022-05-13 18:33:43,42705344991,42.705344991
14768996,2022-05-13 18:33:48,38147313128,38.147313128
14768997,2022-05-13 18:34:20,35855695444,35.855695444
14768998,2022-05-13 18:34:31,40333958258,40.333958258
14768999,2022-05-13 18:34:45,45371821135,45.371821135
14769000,2022-05-13 18:35:05,51043085528,51.043085528
14769001,2022-05-13 18:35:22,57420081858,57.420081858
14769002,2022-05-13 18:35:31,59855096226,59.855096226
14769003,2022-05-13 18:35:41,55373106826,55.373106826
14769004,2022-05-13 18:35:45,50894110034,50.894110034
14769005,2022-05-13 18:35:46,50461258417,50.461258417
14769006,2022-05-13 18:35:47,44369436328,44.369436328
14769007,2022-05-13 18:35:56,49221277796,49.221277796
14769008,2022-05-13 18:36:21,55372725856,55.372725856
14769009,2022-05-13 18:36:37,56982792145,56.982792145
14769010,2022-05-13 18:36:39,49859943127,49.859943127
14769011,2022-05-13 18:36:47,52703131339,52.703131339
14769012,2022-05-13 18:36:52,47789595567,47.789595567
14769013,2022-05-13 18:37:02,46996806400,46.9968064
14769014,2022-05-13 18:37:08,46176727080,46.17672708
14769015,2022-05-13 18:37:15,41525956711,41.525956711
14769016,2022-05-13 18:38:00,46054356407,46.054356407
14769017,2022-05-13 18:38:02,51804754775,51.804754775
14769018,2022-05-13 18:38:03,45968428964,45.968428964
14769019,2022-05-13 18:38:07,41487333071,41.487333071
14769020,2022-05-13 18:38:14,42690072983,42.690072983
14769021,2022-05-13 18:38:22,41490922152,41.490922152
14769022,2022-05-13 18:38:24,41596957735,41.596957735
14769023,2022-05-13 18:38:36,42822553858,42.822553858
14769024,2022-05-13 18:38:37,38329848102,38.329848102
14769025,2022-05-13 18:38:38,40527861384,40.527861384
14769026,2022-05-13 18:38:41,38810100224,38.810100224
14769027,2022-05-13 18:38:44,38775823467,38.775823467
14769028,2022-05-13 18:38:54,40021094276,40.021094276
14769029,2022-05-13 18:39:00,37658881000,37.658881
14769030,2022-05-13 18:39:07,38161708637,38.161708637
14769031,2022-05-13 18:39:32,42928602784,42.928602784
14769032,2022-05-13 18:39:44,48287953493,48.287953493
14769033,2022-05-13 18:39:47,43917733201,43.917733201
14769034,2022-05-13 18:39:59,46825540223,46.825540223
14769035,2022-05-13 18:40:42,52678356975,52.678356975
14769036,2022-05-13 18:40:45,55749987149,55.749987149
14769037,2022-05-13 18:40:56,53559492383,53.559492383
14769038,2022-05-13 18:41:15,58099394118,58.099394118
14769039,2022-05-13 18:41:23,54338111483,54.338111483
14769040,2022-05-13 18:41:25,47545847548,47.545847548
14769041,2022-05-13 18:41:26,44722007071,44.722007071
14769042,2022-05-13 18:41:33,39820872377,39.820872377
14769043,2022-05-13 18:41:50,44797425175,44.797425175
14769044,2022-05-13 18:41:59,47204901146,47.204901146
14769045,2022-05-13 18:42:07,45874595516,45.874595516
14769046,2022-05-13 18:42:08,40942575434,40.942575434
14769047,2022-05-13 18:42:22,44940370702,44.940370702
14769048,2022-05-13 18:42:33,45358146499,45.358146499
14769049,2022-05-13 18:42:59,48666771420,48.66677142
14769050,2022-05-13 18:43:00,42583424993,42.583424993
14769051,2022-05-13 18:43:16,38787321669,38.787321669
14769052,2022-05-13 18:43:49,43629243556,43.629243556
14769053,2022-05-13 18:44:22,49080451036,49.080451036
14769054,2022-05-13 18:44:31,55213157688,55.213157688
14769055,2022-05-13 18:45:21,62107644013,62.107644013
14769056,2022-05-13 18:45:33,68931530417,68.931530417
14769057,2022-05-13 18:45:40,60887608431,60.887608431
14769058,2022-05-13 18:46:40,68498099275,68.498099275
14769059,2022-05-13 18:46:53,75915739009,75.915739009
14769060,2022-05-13 18:47:19,66426271633,66.426271633
14769061,2022-05-13 18:47:42,74727707682,74.727707682
14769062,2022-05-13 18:48:02,84065069879,84.065069879
14769063,2022-05-13 18:48:15,80724583106,80.724583106
14769064,2022-05-13 18:48:24,75068516321,75.068516321
14769065,2022-05-13 18:48:46,69439008810,69.43900881
14769066,2022-05-13 18:49:03,69021809142,69.021809142
14769067,2022-05-13 18:50:03,77639167633,77.639167633
14769068,2022-05-13 18:50:07,87339882271,87.339882271
14769069,2022-05-13 18:50:08,82780260576,82.780260576
14769070,2022-05-13 18:50:47,91208418988,91.208418988
14769071,2022-05-13 18:51:11,91704340997,91.704340997
14769072,2022-05-13 18:51:15,83976386059,83.976386059
14769073,2022-05-13 18:51:27,80477845140,80.47784514
14769074,2022-05-13 18:51:29,70418114498,70.418114498
14769075,2022-05-13 18:52:23,79208752192,79.208752192
14769076,2022-05-13 18:52:44,89107996517,89.107996517
14769077,2022-05-13 18:52:55,88489375390,88.48937539
14769078,2022-05-13 18:53:03,86851443629,86.851443629
14769079,2022-05-13 18:53:04,77905519285,77.905519285
14769080,2022-05-13 18:53:37,76400911739,76.400911739
14769081,2022-05-13 18:53:46,85915408169,85.915408169
14769082,2022-05-13 18:53:53,80826111103,80.826111103
14769083,2022-05-13 18:53:54,70722847216,70.722847216
14769084,2022-05-13 18:53:59,66770276944,66.770276944
14769085,2022-05-13 18:54:14,71660952680,71.66095268
14769086,2022-05-13 18:54:35,74020316094,74.020316094
14769087,2022-05-13 18:54:56,76898515896,76.898515896
14769088,2022-05-13 18:54:57,67286201409,67.286201409
14769089,2022-05-13 18:54:59,59688979899,59.688979899
14769090,2022-05-13 18:55:00,58391080063,58.391080063
14769091,2022-05-13 18:55:35,65680354029,65.680354029
14769092,2022-05-13 18:55:36,60094556280,60.09455628
14769093,2022-05-13 18:55:41,52605955919,52.605955919
14769094,2022-05-13 18:55:49,56059267035,56.059267035
14769095,2022-05-13 18:55:56,50131256485,50.131256485
14769096,2022-05-13 18:55:58,46045915014,46.045915014
14769097,2022-05-13 18:55:59,40290175638,40.290175638
14769098,2022-05-13 18:56:17,45323410049,45.323410049
14769099,2022-05-13 18:56:53,50987520189,50.987520189
14769100,2022-05-13 18:56:58,57360918147,57.360918147
14769101,2022-05-13 18:57:11,56085436968,56.085436968
14769102,2022-05-13 18:57:17,52511323426,52.511323426
14769103,2022-05-13 18:57:36,49662637211,49.662637211
14769104,2022-05-13 18:57:39,55868586298,55.868586298
14769105,2022-05-13 18:58:07,61321244155,61.321244155
14769106,2022-05-13 18:58:09,56371445038,56.371445038
14769107,2022-05-13 18:58:26,57813435997,57.813435997
14769108,2022-05-13 18:58:51,60109876730,60.10987673
14769109,2022-05-13 18:58:52,55196598887,55.196598887
14769110,2022-05-13 18:58:58,52036819258,52.036819258
14769111,2022-05-13 18:59:05,48076216470,48.07621647
14769112,2022-05-13 18:59:26,54080776845,54.080776845
14769113,2022-05-13 18:59:37,53267330356,53.267330356
14769114,2022-05-13 18:59:39,47472012606,47.472012606
14769115,2022-05-13 18:59:44,47314354552,47.314354552
14769116,2022-05-13 19:00:02,47867214899,47.867214899
14769117,2022-05-13 19:00:04,43534800940,43.53480094
14769118,2022-05-13 19:00:07,44342859532,44.342859532
14769119,2022-05-13 19:00:32,49883568440,49.88356844
14769120,2022-05-13 19:01:50,56112843054,56.112843054
14769121,2022-05-13 19:01:59,59543936256,59.543936256
14769122,2022-05-13 19:02:08,55876121084,55.876121084
14769123,2022-05-13 19:02:13,61972955099,61.972955099
14769124,2022-05-13 19:02:43,59734627785,59.734627785
14769125,2022-05-13 19:02:52,61493009142,61.493009142
14769126,2022-05-13 19:03:05,58779755150,58.77975515
14769127,2022-05-13 19:03:11,52107085815,52.107085815
